link,title,description
https://epaper.dawn.com,"Dawn-ePaper | May 21, 2024 | Page Front Page",
https://www.dawnnews.tv/watch-live,Watch Live TV - Dawnnews,
https://www.dawnnews.tv,Home - Dawnnews,"Visit dawnnews.tv for latest news, breaking news in Urdu today from Pakistan, world, life & style, business, sports, health and analysis."
https://images.dawn.com,Home - Images,Film. Fashion. Celebrity. Culture. All your lifestyle needs met by Pakistan&#039;s hippest insider. IMAGES - Home
https://herald.dawn.com,Herald - Herald,Become a print subscriber of Herald in a few clicks.
https://aurora.dawn.com,Home - Aurora,"AURORA is Pakistan's leading advertising, marketing and media magazine; it is widely recognised as the voice of the industry."
https://cityfm89.com,CityFM89,
https://www.dawn.com/advertise,Marketing - DAWN.COM - DAWN.COM,
https://educationexpo.dawn.com,Home - DAWN Education Expo,
https://www.dawn.com/events/supplements,Events - DAWN.COM - DAWN.COM,
http://classifieds.dawn.com/,Dawn Classifieds,Classifieds advertisement Real Estate Business Automobiles  Careers Jobs Recruitment Islamabd Karachi Lahore Pakistan cars power price toyota suzuki
https://obituary.dawn.com,Dawn Obituaries - Book Dawn Newspaper Obituary Online,Place national and regional newspaper obituaries through Dawn's online obituary booking platform
https://www.dawn.com/,Home - DAWN.COM,Checkout for the Latest and Top News from Pakistan and around the world
https://epaper.dawn.com,"Dawn-ePaper | May 21, 2024 | Page Front Page",
https://www.dawn.com,Home - DAWN.COM,Checkout for the Latest and Top News from Pakistan and around the world
https://www.dawn.com/latest-news,Latest - DAWN.COM,Checkout for the Latest and Top News from Pakistan and around the world
https://www.dawn.com/trends/gaza-invasion,Trends - Gaza invasion - DAWN.COM,
https://www.dawn.com/pakistan,Pakistan - DAWN.COM,Checkout for the Latest and Top News from Pakistan and around the world
https://www.dawn.com/opinion,Opinion - DAWN.COM,Checkout for the Latest and Top News from Pakistan and around the world
https://www.dawn.com/business,Business - DAWN.COM,Checkout for the Latest and Top News from Pakistan and around the world
https://www.dawn.com/world,World - DAWN.COM,Checkout for the Latest and Top News from Pakistan and around the world
https://www.dawn.com/entertainment,Home - Images,Film. Fashion. Celebrity. Culture. All your lifestyle needs met by Pakistan&#039;s hippest insider. IMAGES - Home
https://www.dawn.com/prism,Prism - DAWN.COM,Checkout for the Latest and Top News from Pakistan and around the world
https://www.dawn.com/sport,Sport - DAWN.COM,Checkout for the Latest and Top News from Pakistan and around the world
https://www.dawn.com/magazines,Magazines - DAWN.COM,Checkout for the Latest and Top News from Pakistan and around the world
https://www.dawn.com/tech,Tech - DAWN.COM,Checkout for the Latest and Top News from Pakistan and around the world
https://www.dawn.com/videos,Videos - DAWN.COM,Checkout for the Latest and Top News from Pakistan and around the world
https://www.dawn.com/popular,Popular - DAWN.COM,Checkout for the Latest and Top News from Pakistan and around the world
https://www.dawn.com/newspaper,Archive - DAWN.COM,Checkout for the Latest and Top News from Pakistan and around the world
https://www.dawnrelief.com/,,
https://www.dawn.com,Home - DAWN.COM,Checkout for the Latest and Top News from Pakistan and around the world
https://www.dawn.com/latest-news,Latest - DAWN.COM,Checkout for the Latest and Top News from Pakistan and around the world
https://www.dawn.com/trends/gaza-invasion,Trends - Gaza invasion - DAWN.COM,
https://www.dawn.com/pakistan,Pakistan - DAWN.COM,Checkout for the Latest and Top News from Pakistan and around the world
https://www.dawn.com/opinion,Opinion - DAWN.COM,Checkout for the Latest and Top News from Pakistan and around the world
https://www.dawn.com/business,Business - DAWN.COM,Checkout for the Latest and Top News from Pakistan and around the world
https://www.dawn.com/world,World - DAWN.COM,Checkout for the Latest and Top News from Pakistan and around the world
https://www.dawn.com/entertainment,Home - Images,Film. Fashion. Celebrity. Culture. All your lifestyle needs met by Pakistan&#039;s hippest insider. IMAGES - Home
https://www.dawn.com/prism,Prism - DAWN.COM,Checkout for the Latest and Top News from Pakistan and around the world
https://www.dawn.com/sport,Sport - DAWN.COM,Checkout for the Latest and Top News from Pakistan and around the world
https://www.dawn.com/magazines,Magazines - DAWN.COM,Checkout for the Latest and Top News from Pakistan and around the world
https://www.dawn.com/tech,Tech - DAWN.COM,Checkout for the Latest and Top News from Pakistan and around the world
https://www.dawn.com/videos,Videos - DAWN.COM,Checkout for the Latest and Top News from Pakistan and around the world
https://www.dawn.com/popular,Popular - DAWN.COM,Checkout for the Latest and Top News from Pakistan and around the world
https://www.dawn.com/newspaper,Archive - DAWN.COM,Checkout for the Latest and Top News from Pakistan and around the world
https://www.dawnrelief.com/,Dawn Relief for Floods - DAWN.COM,"We are now gearing up to rebuild devastated settlements with homes, schools and a drinking water supply scheme."
https://www.dawn.com/live/elections-2024#1822566,Live Updates: Elections 2024 - DAWN.COM,Live Updates: Elections 2024
https://www.dawn.com/live/elections-2024#1822564,Live Updates: Elections 2024 - DAWN.COM,Live Updates: Elections 2024
https://www.dawn.com/live/elections-2024#1822561,Live Updates: Elections 2024 - DAWN.COM,Live Updates: Elections 2024
https://www.dawn.com/news/1834849/pti-spokesperson-raoof-hasan-injured-in-islamabad-attack,PTI spokesperson Raoof Hasan injured in Islamabad attack - Pakistan - DAWN.COM,"Party says he was attacked outside office of private media channel; Islamabad police say Hasan attacked by transgender persons, as per eyewitnesses."
https://www.dawn.com/news/1834849/pti-spokesperson-raoof-hasan-injured-in-islamabad-attack,PTI spokesperson Raoof Hasan injured in Islamabad attack - Pakistan - DAWN.COM,"Party says he was attacked outside office of private media channel; Islamabad police say Hasan attacked by transgender persons, as per eyewitnesses."
https://www.dawn.com/news/1832070/pti-says-dg-isprs-press-conference-full-of-contradictions-devoid-of-rationale,"PTI says DG ISPR’s press conference ‘full of contradictions, devoid of rationale’ - Pakistan - DAWN.COM","Party spokesperson Raoof Hasan says ""venom"" towards his party is not right for the state, society or relationship with institutions."
https://www.dawn.com/news/1833668/on-eve-of-imrans-sc-appearance-pti-raises-concerns-about-adiala-jail-security,"On eve of Imran’s SC appearance, PTI raises concerns about Adiala Jail security - Pakistan - DAWN.COM","Raoof Hasan claims meetings with legal counsel, party leaders have been banned ahead of PTI founder’s court-mandated appearance."
https://www.dawn.com/news/1826469/military-establishment-has-no-other-option-but-to-have-dialogue-with-imran-ptis-raoof-hasan,Military establishment has ‘no other option’ but to have dialogue with Imran: PTI’s Raoof Hasan - Pakistan - DAWN.COM,"Says party has an ""open stance"" and is ready to hold talks."
https://www.dawn.com/news/1834848/over-80-civil-society-bodies-journalists-reject-draconian-and-regressive-punjab-defamation-bill,"Over 80 civil society bodies, journalists reject ‘draconian and regressive’ Punjab Defamation Bill - Pakistan - DAWN.COM","Call it gross infringement on fundamental rights of freedom of expression, press freedom."
https://www.dawn.com/news/1834848/over-80-civil-society-bodies-journalists-reject-draconian-and-regressive-punjab-defamation-bill,"Over 80 civil society bodies, journalists reject ‘draconian and regressive’ Punjab Defamation Bill - Pakistan - DAWN.COM","Call it gross infringement on fundamental rights of freedom of expression, press freedom."
https://www.dawn.com/news/1834838/ihcs-justice-kayani-says-agencies-can-only-assist-govt-probes-seeks-clarity-on-operational-methods,"IHC’s Justice Kayani says agencies can only ‘assist’ govt probes, seeks clarity on ‘operational methods’ - Pakistan - DAWN.COM",Praises Attorney General of Pakistan Mansoor Awan for hard work that helped recover missing Baloch students.
https://www.dawn.com/news/1834838/ihcs-justice-kayani-says-agencies-can-only-assist-govt-probes-seeks-clarity-on-operational-methods,"IHC’s Justice Kayani says agencies can only ‘assist’ govt probes, seeks clarity on ‘operational methods’ - Pakistan - DAWN.COM",Praises Attorney General of Pakistan Mansoor Awan for hard work that helped recover missing Baloch students.
https://www.dawn.com/live/gaza-invasion,Live Updates: Gaza invasion - DAWN.COM,Live Updates: Gaza invasion
https://www.dawn.com/live/gaza-invasion,Live Updates: Gaza invasion - DAWN.COM,Live Updates: Gaza invasion
https://www.dawn.com/news/1834842/heatwave-sindh-rules-out-early-summer-vacations-for-schools-says-holidays-to-begin-from-june-1,"Heatwave: Sindh rules out early summer vacations for schools, says holidays to begin from June 1 - Pakistan - DAWN.COM",Punjab government has already announced early start of summer vacation from May 25 for all public and private schools.
https://www.dawn.com/news/1834842/heatwave-sindh-rules-out-early-summer-vacations-for-schools-says-holidays-to-begin-from-june-1,"Heatwave: Sindh rules out early summer vacations for schools, says holidays to begin from June 1 - Pakistan - DAWN.COM",Punjab government has already announced early start of summer vacation from May 25 for all public and private schools.
https://www.dawn.com/news/1834839/singapore-airlines-flight-hits-severe-turbulence-one-passenger-dead-7-critically-injured,"Singapore Airlines flight hits severe turbulence, one passenger dead, 7 critically injured - World - DAWN.COM","Eighteen people have been hospitalised and 12 are being treated in hospitals, Singapore Airlines says."
https://www.dawn.com/news/1834839/singapore-airlines-flight-hits-severe-turbulence-one-passenger-dead-7-critically-injured,"Singapore Airlines flight hits severe turbulence, one passenger dead, 7 critically injured - World - DAWN.COM","Eighteen people have been hospitalised and 12 are being treated in hospitals, Singapore Airlines says."
https://www.dawn.com/news/1834854/serial-winner-kroos-eyes-two-trophy-finish-to-career,Serial winner Kroos eyes two-trophy finish to career - Sport - DAWN.COM,Euros will be the last time the 2014 World Cup winner takes the field competitively.
https://www.dawn.com/news/1834854/serial-winner-kroos-eyes-two-trophy-finish-to-career,Serial winner Kroos eyes two-trophy finish to career - Sport - DAWN.COM,Euros will be the last time the 2014 World Cup winner takes the field competitively.
https://www.dawn.com/news/1834821/iranians-pay-last-respects-to-late-president-raisi-killed-in-helicopter-crash,Iranians pay last respects to late president Raisi killed in helicopter crash - World - DAWN.COM,"Mourners walk behind lorry carrying coffins of Raisi and those who died with him, including foreign minister Hossein Amir-Abdollahian."
https://www.dawn.com/news/1834821/iranians-pay-last-respects-to-late-president-raisi-killed-in-helicopter-crash,Iranians pay last respects to late president Raisi killed in helicopter crash - World - DAWN.COM,"Mourners walk behind lorry carrying coffins of Raisi and those who died with him, including foreign minister Hossein Amir-Abdollahian."
https://www.dawn.com/news/1834824/india-shuts-schools-as-temperatures-soar,India shuts schools as temperatures soar - World - DAWN.COM,"Weather bureau has warned of “severe heatwave conditions” this week, with mercury reaching 47.4 degrees Celsius in Najafgarh on Monday."
https://www.dawn.com/news/1834824/india-shuts-schools-as-temperatures-soar,India shuts schools as temperatures soar - World - DAWN.COM,"Weather bureau has warned of “severe heatwave conditions” this week, with mercury reaching 47.4 degrees Celsius in Najafgarh on Monday."
https://www.dawn.com/news/1834715/two-killed-four-injured-in-islamabad-as-car-runs-over-protesters-in-their-sleep,"Two killed, four injured in Islamabad as car runs over protesters in their sleep - Pakistan - DAWN.COM","Case registered against driver, who was arrested after speeding away from ""Save Gaza"" protest."
https://www.dawn.com/news/1834715/two-killed-four-injured-in-islamabad-as-car-runs-over-protesters-in-their-sleep,"Two killed, four injured in Islamabad as car runs over protesters in their sleep - Pakistan - DAWN.COM","Case registered against driver, who was arrested after speeding away from ""Save Gaza"" protest."
https://www.dawn.com/latest-news,Latest - DAWN.COM,Checkout for the Latest and Top News from Pakistan and around the world
https://www.youtube.com/c/DawnNewsEnglish,DawnNews English - YouTube,"Infinite News. Instant Insight. Dawn News English - your window into the latest developments, and analysis from across the world. Official Facebook: https://..."
https://www.youtube.com/watch?v=ZkhEvPMEqTI,"World Reacts To ICC Seeking Israel, Hamas Arrest Warrants | Dawn News English - YouTube",Reactions pour in as International Criminal Court seeks arrest warrants for top Israeli and Hamas leaders over alleged war crimes. Israeli officials reject c...
https://www.youtube.com/watch?v=ZkhEvPMEqTI,"World Reacts To ICC Seeking Israel, Hamas Arrest Warrants | Dawn News English - YouTube",Reactions pour in as International Criminal Court seeks arrest warrants for top Israeli and Hamas leaders over alleged war crimes. Israeli officials reject c...
https://www.youtube.com/watch?v=QMxWV3JQ66k,Order For Arrest Of Israeli Prime Minister | America Statement | Zara Hat Kay | Dawn News - YouTube,Order For Arrest Of Israeli Prime Minister | America Statement | Zara Hat Kay | Dawn Newsÿßÿ≥ÿ±ÿßÿ¶€åŸÑ€å Ÿàÿ≤€åÿ± ÿßÿπÿ∏ŸÖ ⁄©€å ⁄Øÿ±ŸÅÿ™ÿßÿ±€å ⁄©ÿß ÿßÿπŸÑÿßŸÜ ŸÅ€åÿµŸÑ€í Ÿæÿ± ÿßŸÖÿ±€å⁄©ÿß ⁄©ÿß ÿ®€åÿßŸÜ ÿ≥ÿßŸÖŸÜ€í...
https://www.youtube.com/watch?v=QMxWV3JQ66k,Order For Arrest Of Israeli Prime Minister | America Statement | Zara Hat Kay | Dawn News - YouTube,Order For Arrest Of Israeli Prime Minister | America Statement | Zara Hat Kay | Dawn Newsÿßÿ≥ÿ±ÿßÿ¶€åŸÑ€å Ÿàÿ≤€åÿ± ÿßÿπÿ∏ŸÖ ⁄©€å ⁄Øÿ±ŸÅÿ™ÿßÿ±€å ⁄©ÿß ÿßÿπŸÑÿßŸÜ ŸÅ€åÿµŸÑ€í Ÿæÿ± ÿßŸÖÿ±€å⁄©ÿß ⁄©ÿß ÿ®€åÿßŸÜ ÿ≥ÿßŸÖŸÜ€í...
https://www.youtube.com/watch?v=-UuBalBAZJg,World Reacts To Ebrahim Raisi's Death | Dawn News English - YouTube,World leaders have expressed condolences following the death of Iranian President Ebrahim Raisi and other officials in a helicopter crash.China‚Äôs President X...
https://www.youtube.com/watch?v=-UuBalBAZJg,World Reacts To Ebrahim Raisi's Death | Dawn News English - YouTube,World leaders have expressed condolences following the death of Iranian President Ebrahim Raisi and other officials in a helicopter crash.China‚Äôs President X...
https://www.youtube.com/watch?v=kMEW_54KBBI,"Exclusive: Amnesty International Sec-Gen Criticises US, Russia For Disregard Of International Law - YouTube",The Universal Declaration of Human Rights and the International Covenant on Civil and Political Rights are very clear; civilians should not be tried by milit...
https://www.youtube.com/watch?v=kMEW_54KBBI,"Exclusive: Amnesty International Sec-Gen Criticises US, Russia For Disregard Of International Law - YouTube",The Universal Declaration of Human Rights and the International Covenant on Civil and Political Rights are very clear; civilians should not be tried by milit...
https://www.youtube.com/watch?v=umGvBHM-fk8,Top Stories: Netanyahu Arrest | Kashmiri Poet Case | Heat Wave | Iran Mourns | Dawn News English - YouTube,ùêÉùêöùê∞ùêß ùêçùêûùê∞ùê¨ ùêÑùêßùê†ùê•ùê¢ùê¨ùê°'ùê¨ ùêìùê®ùê© ùêçùêûùê∞ùê¨ ùêíùê≠ùê®ùê´ùê¢ùêûùê¨ - your ultimate source for staying informed and up to date with the most significant news ...
https://www.youtube.com/watch?v=umGvBHM-fk8,Top Stories: Netanyahu Arrest | Kashmiri Poet Case | Heat Wave | Iran Mourns | Dawn News English - YouTube,ùêÉùêöùê∞ùêß ùêçùêûùê∞ùê¨ ùêÑùêßùê†ùê•ùê¢ùê¨ùê°'ùê¨ ùêìùê®ùê© ùêçùêûùê∞ùê¨ ùêíùê≠ùê®ùê´ùê¢ùêûùê¨ - your ultimate source for staying informed and up to date with the most significant news ...
https://www.youtube.com/watch?v=_YFRfKobWS0,Mohammad Mokhber: Iran's Interim President | Dawn News English - YouTube,"Here are some key facts about Mohammad Mokhber, 68, Iran’s first vice president who, based on the country’s constitution, is expected to become interim presi..."
https://www.youtube.com/watch?v=_YFRfKobWS0,Mohammad Mokhber: Iran's Interim President | Dawn News English - YouTube,"Here are some key facts about Mohammad Mokhber, 68, Iran’s first vice president who, based on the country’s constitution, is expected to become interim presi..."
https://www.youtube.com/watch?v=9IXsj6AFCms,Who Was Ebrahim Raisi? | Profile | Iran | Iranian President | Dawn News English - YouTube,"Ebrahim Raisi became president of Iran in June 2021, succeeding the moderate Hassan Rouhani. His tenure has been marked by social unrest and economic difficu..."
https://www.youtube.com/watch?v=9IXsj6AFCms,Who Was Ebrahim Raisi? | Profile | Iran | Iranian President | Dawn News English - YouTube,"Ebrahim Raisi became president of Iran in June 2021, succeeding the moderate Hassan Rouhani. His tenure has been marked by social unrest and economic difficu..."
https://www.youtube.com/watch?v=ZMkbbp_QZGI,Top Stories: Iran President Ebrahim Raisi's Helicopter 'Crashes Upon Landing' | Dawn News English - YouTube,ùêÉùêöùê∞ùêß ùêçùêûùê∞ùê¨ ùêÑùêßùê†ùê•ùê¢ùê¨ùê°'ùê¨ ùêìùê®ùê© ùêçùêûùê∞ùê¨ ùêíùê≠ùê®ùê´ùê¢ùêûùê¨ - your ultimate source for staying informed and up to date with the most significant news ...
https://www.youtube.com/watch?v=ZMkbbp_QZGI,Top Stories: Iran President Ebrahim Raisi's Helicopter 'Crashes Upon Landing' | Dawn News English - YouTube,ùêÉùêöùê∞ùêß ùêçùêûùê∞ùê¨ ùêÑùêßùê†ùê•ùê¢ùê¨ùê°'ùê¨ ùêìùê®ùê© ùêçùêûùê∞ùê¨ ùêíùê≠ùê®ùê´ùê¢ùêûùê¨ - your ultimate source for staying informed and up to date with the most significant news ...
https://www.dawn.com/must-read,Must Read - DAWN.COM,Checkout for the Latest and Top News from Pakistan and around the world
https://www.dawn.com/news/1832653/explainer-understanding-the-wheat-crisis-in-pakistan,Explainer: Understanding the wheat ‘crisis’ in Pakistan - Business - DAWN.COM,We try to unpack why farmers are protesting and what the government is doing and should do so to address their concerns.
https://www.dawn.com/news/1832653/explainer-understanding-the-wheat-crisis-in-pakistan,Explainer: Understanding the wheat ‘crisis’ in Pakistan - Business - DAWN.COM,We try to unpack why farmers are protesting and what the government is doing and should do so to address their concerns.
https://www.dawn.com/news/1834815/trial-and-punishment-what-do-arrest-warrants-at-the-icc-mean-for-israel-hamas,"Trial and punishment: What do arrest warrants at the ICC mean for Israel, Hamas - World - DAWN.COM","For the first time, an international criminal tribunal is likely to charge a head of state supported by the West."
https://www.dawn.com/news/1834815/trial-and-punishment-what-do-arrest-warrants-at-the-icc-mean-for-israel-hamas,"Trial and punishment: What do arrest warrants at the ICC mean for Israel, Hamas - World - DAWN.COM","For the first time, an international criminal tribunal is likely to charge a head of state supported by the West."
https://www.dawn.com/news/1834783,Iranian tragedy - Newspaper - DAWN.COM,"Due to Iran’s regional and geopolitical influence, the world will be watching the power transition carefully."
https://www.dawn.com/news/1834783,Iranian tragedy - Newspaper - DAWN.COM,"Due to Iran’s regional and geopolitical influence, the world will be watching the power transition carefully."
https://images.dawn.com/news/1192458/internet-split-after-learning-amal-clooney-assisted-in-arrest-warrants-sought-for-israeli-hamas-leaders,"Internet split after learning Amal Clooney assisted in arrest warrants sought for Israeli, Hamas leaders - Comment - Images","While some are praising the human rights lawyer and apologising for criticising her silence on Palestine, others are calling her out for 'two side-ism'."
https://images.dawn.com/news/1192458/internet-split-after-learning-amal-clooney-assisted-in-arrest-warrants-sought-for-israeli-hamas-leaders,"Internet split after learning Amal Clooney assisted in arrest warrants sought for Israeli, Hamas leaders - Comment - Images","While some are praising the human rights lawyer and apologising for criticising her silence on Palestine, others are calling her out for 'two side-ism'."
https://www.dawn.com/news/1834786/suppose-modi-took-a-dna-test,Suppose Modi took a DNA test - Pakistan - DAWN.COM,"South Asia, we are given to understand, is home to one of the most diverse assemblages of people in the world."
https://www.dawn.com/news/1834786/suppose-modi-took-a-dna-test,Suppose Modi took a DNA test - Pakistan - DAWN.COM,"South Asia, we are given to understand, is home to one of the most diverse assemblages of people in the world."
https://www.dawn.com/news/1834787,Budgeting without people - Newspaper - DAWN.COM,"Even though the economy is a critical issue, discussions about it involve a select few who are not really interested in communicating with the people."
https://www.dawn.com/news/1834787,Budgeting without people - Newspaper - DAWN.COM,"Even though the economy is a critical issue, discussions about it involve a select few who are not really interested in communicating with the people."
https://aurora.dawn.com/news/1145100/zabardasti-ki-baat,Zabardasti Ki Baat - Aurora,"Rather than mirror society, advertising should strive to change it, argues Atiya Zaidi."
https://aurora.dawn.com/news/1145100/zabardasti-ki-baat,Zabardasti Ki Baat - Aurora,"Rather than mirror society, advertising should strive to change it, argues Atiya Zaidi."
https://www.dawn.com/news/1834643/esteemed-statesmen-world-mourns-loss-of-iran-president-fm-in-tragic-air-crash,"‘Esteemed statesmen’: World mourns loss of Iran president, FM in ‘tragic’ air crash - World - DAWN.COM","President Zardari mourns ""tragic death"" of Pakistan's ""great friend"" Raisi as Middle East expresses solidarity with Iran in ""difficult time""."
https://www.dawn.com/news/1834643/esteemed-statesmen-world-mourns-loss-of-iran-president-fm-in-tragic-air-crash,"‘Esteemed statesmen’: World mourns loss of Iran president, FM in ‘tragic’ air crash - World - DAWN.COM","President Zardari mourns ""tragic death"" of Pakistan's ""great friend"" Raisi as Middle East expresses solidarity with Iran in ""difficult time""."
https://www.dawn.com/news/1834766/lai-ching-te-from-coal-miners-son-to-taiwan-president,Lai Ching-te: from coal miner’s son to Taiwan president - World - DAWN.COM,"The 64-year-old pledges to ""defend Taiwan’s democracy"" and ""resist Beijing’s claims on the island""."
https://www.dawn.com/news/1834766/lai-ching-te-from-coal-miners-son-to-taiwan-president,Lai Ching-te: from coal miner’s son to Taiwan president - World - DAWN.COM,"The 64-year-old pledges to ""defend Taiwan’s democracy"" and ""resist Beijing’s claims on the island""."
https://www.dawn.com/news/1834631/who-is-mohammad-mokhber-the-man-set-to-become-irans-interim-president,"Who is Mohammad Mokhber, the man set to become Iran’s interim president? - World - DAWN.COM",Mokhber became first vice president in 2021 when Raisi was elected president.
https://www.dawn.com/news/1834631/who-is-mohammad-mokhber-the-man-set-to-become-irans-interim-president,"Who is Mohammad Mokhber, the man set to become Iran’s interim president? - World - DAWN.COM",Mokhber became first vice president in 2021 when Raisi was elected president.
https://aurora.dawn.com/news/1145118,Are Inflation and Brand Boycotts Changing Your Shopping Habits? - Aurora,Help us find out by taking this survey!
https://aurora.dawn.com/news/1145118,Are Inflation and Brand Boycotts Changing Your Shopping Habits? - Aurora,Help us find out by taking this survey!
https://www.dawn.com/sponsor-content,Sponsor Content - DAWN.COM - DAWN.COM,
https://www.dawn.com/news/1834818/vivo-v30e-5g-launched-in-pakistan-with-sleek-design-and-advanced-imaging-capabilities,vivo V30e 5G launched in Pakistan with sleek design and advanced imaging capabilities - Sponsored - DAWN.COM,The design of V30e 5G makes everything from scrolling to gaming feel incredibly smooth.
https://www.dawn.com/news/1834818/vivo-v30e-5g-launched-in-pakistan-with-sleek-design-and-advanced-imaging-capabilities,vivo V30e 5G launched in Pakistan with sleek design and advanced imaging capabilities - Sponsored - DAWN.COM,The design of V30e 5G makes everything from scrolling to gaming feel incredibly smooth.
https://www.dawn.com/news/1834635/next-basket-makes-starting-an-online-business-quick-and-easy,Next Basket makes starting an online business quick and easy - Sponsored - DAWN.COM,Selling on the web can be easy too — all you need is a solution that puts all the pieces of the puzzle together.
https://www.dawn.com/news/1834635/next-basket-makes-starting-an-online-business-quick-and-easy,Next Basket makes starting an online business quick and easy - Sponsored - DAWN.COM,Selling on the web can be easy too — all you need is a solution that puts all the pieces of the puzzle together.
https://www.dawn.com/news/1833652/upheaval-in-fruit-park-part-1,Upheaval in Fruit Park (Part 1) - Magazines - DAWN.COM,"Let's find out what Din Din, Delma and Dazel are up to this week."
https://www.dawn.com/news/1833652/upheaval-in-fruit-park-part-1,Upheaval in Fruit Park (Part 1) - Magazines - DAWN.COM,"Let's find out what Din Din, Delma and Dazel are up to this week."
https://www.dawn.com/news/1833021,FIFA’S FOUL ON PAKISTAN FOOTBALL - Newspaper - DAWN.COM,Is a franchise system like cricket’s PSL the best way forward? And why is an interim football administration pushing for it?
https://www.dawn.com/news/1833021,FIFA’S FOUL ON PAKISTAN FOOTBALL - Newspaper - DAWN.COM,Is a franchise system like cricket’s PSL the best way forward? And why is an interim football administration pushing for it?
https://www.dawn.com/authors/2505/imran-gabol,News stories for Imran Gabol - DAWN.COM,Checkout for the Latest and Top News from Pakistan and around the world
https://www.dawn.com/authors/262/iftikhar-a-khan,,
https://www.dawn.com/authors/107/aamir-shafaat-khan,,
https://www.dawn.com/authors/311/khalid-hasnain,,
https://www.dawn.com/authors/10005/abdullah-momand,,
https://www.dawn.com/news/1834599/pm-shehbaz-announces-day-of-mourning-on-tuesday-for-iranian-helicopter-crash-victims,,
https://www.dawn.com/world,World - DAWN.COM,Checkout for the Latest and Top News from Pakistan and around the world
https://www.dawn.com/news/1834599/pm-shehbaz-announces-day-of-mourning-on-tuesday-for-iranian-helicopter-crash-victims,,
https://www.dawn.com/news/1834472/what-happens-if-an-iranian-president-dies-in-office,,
https://www.dawn.com/world,World - DAWN.COM,Checkout for the Latest and Top News from Pakistan and around the world
https://www.dawn.com/news/1834472/what-happens-if-an-iranian-president-dies-in-office,,
https://www.dawn.com/news/1834463/iran-president-ebrahim-raisis-helicopter-crashes-upon-landing-in-varzaqan-region-state-media,,
https://www.dawn.com/news/1834463/iran-president-ebrahim-raisis-helicopter-crashes-upon-landing-in-varzaqan-region-state-media,,
https://www.dawn.com/news/1834564/no-plans-to-scrap-solar-net-metering-policy-energy-minister,,
https://www.dawn.com/pakistan,Pakistan - DAWN.COM,Checkout for the Latest and Top News from Pakistan and around the world
https://www.dawn.com/news/1834564/no-plans-to-scrap-solar-net-metering-policy-energy-minister,,
https://www.dawn.com/news/1834565/over-300-return-as-govt-downplays-kyrgyz-unrest,,
https://www.dawn.com/world,World - DAWN.COM,Checkout for the Latest and Top News from Pakistan and around the world
https://www.dawn.com/news/1834565/over-300-return-as-govt-downplays-kyrgyz-unrest,Over 300 return as govt downplays Kyrgyz unrest - World - DAWN.COM,"FM Dar says situation in Bishkek under control, attacks result of a ""misunderstanding""; students say all is not well, hundreds trapped."
https://www.dawn.com/opinion,Opinion - DAWN.COM,Checkout for the Latest and Top News from Pakistan and around the world
https://www.dawn.com/news/1834787/budgeting-without-people,Budgeting without people - Newspaper - DAWN.COM,"Even though the economy is a critical issue, discussions about it involve a select few who are not really interested in communicating with the people."
https://www.dawn.com/news/1834787/budgeting-without-people,,
https://www.dawn.com/authors/57/arifa-noor,News stories for Arifa Noor - DAWN.COM,Checkout for the Latest and Top News from Pakistan and around the world
https://www.dawn.com/news/1834786/suppose-modi-took-a-dna-test,,
https://www.dawn.com/news/1834786/suppose-modi-took-a-dna-test,,
https://www.dawn.com/authors/280/jawed-naqvi,,
https://www.dawn.com/news/1834785/climate-resilience,,
https://www.dawn.com/news/1834785/climate-resilience,,
https://www.dawn.com/authors/10149/ajaz-ahmed,,
https://www.dawn.com/news/1834784/law-that-rules,,
https://www.dawn.com/news/1834784/law-that-rules,,
https://www.dawn.com/authors/485/syed-saadat,,
https://www.dawn.com/news/1834581/beyond-the-economic-crisis,,
https://www.dawn.com/news/1834581/beyond-the-economic-crisis,,
https://www.dawn.com/authors/8829/maleeha-lodhi,,
https://www.dawn.com/authors/11060/ahmad-junaid,,
https://www.dawn.com/newspaper/editorial,,
https://www.dawn.com/news/1834783/iranian-tragedy,Iranian tragedy - Newspaper - DAWN.COM,"Due to Iran’s regional and geopolitical influence, the world will be watching the power transition carefully."
https://www.dawn.com/news/1834782/circular-debt-woes,,
https://www.dawn.com/news/1834781/reproductive-health,,
https://www.dawn.com/news/1834718/cartoon-21-may-2024,,
https://www.dawn.com/authors/8829/maleeha-lodhi,News stories for Maleeha Lodhi - DAWN.COM,Checkout for the Latest and Top News from Pakistan and around the world
https://www.dawn.com/authors/11060/ahmad-junaid,News stories for Ahmad Junaid - DAWN.COM,Checkout for the Latest and Top News from Pakistan and around the world
https://www.dawn.com/news/1834581/beyond-the-economic-crisis,,
https://www.dawn.com/authors/2597/sajjad-ahmad,,
https://www.dawn.com/news/1834580/ajk-and-gb-movements,,
https://www.dawn.com/authors/1915/zarrar-khuhro,,
https://www.dawn.com/news/1834578/land-of-opportunity,,
https://www.dawn.com/authors/10855/abdullah-khalid,,
https://www.dawn.com/news/1834579/serving-digitally,,
https://www.dawn.com/authors/280/jawed-naqvi,,
https://www.dawn.com/news/1834786/suppose-modi-took-a-dna-test,,
https://www.dawn.com/business,Business - DAWN.COM,Checkout for the Latest and Top News from Pakistan and around the world
https://www.dawn.com/news/1834792/gold-hits-record-high-as-iran-shock-triggers-haven-support,,
https://www.dawn.com/news/1834792/gold-hits-record-high-as-iran-shock-triggers-haven-support,,
https://www.dawn.com/news/1834791/independent-directors-for-discos-approved,Independent directors for Discos approved - Business - DAWN.COM,The committee meeting doesn't approve the Ministry of Railways’ proposal to categorise four railway companies as strategic and essential.
https://www.dawn.com/news/1834791/independent-directors-for-discos-approved,,
https://www.dawn.com/news/1834795/govt-seeks-to-extract-rs29bn-more-from-electricity-consumers-for-april,,
https://www.dawn.com/news/1834795/govt-seeks-to-extract-rs29bn-more-from-electricity-consumers-for-april,,
https://www.dawn.com/news/1834751/pakistan-turkiye-vow-to-hike-trade-to-5bn,,
https://www.dawn.com/news/1834751/pakistan-turkiye-vow-to-hike-trade-to-5bn,"Pakistan, Turkiye vow to hike trade to $5bn - Pakistan - DAWN.COM","Visiting Turkish FM hold talks with PM, Dar and army chief."
https://www.dawn.com/news/1834794/banks-invest-record-rs76tr-in-risk-free-govt-papers,Banks invest record Rs7.6tr in risk-free govt papers - Business - DAWN.COM,"Deposits rise 21.3pc, contrasting with 0.7pc fall in advances in July-April."
https://www.dawn.com/news/1834794/banks-invest-record-rs76tr-in-risk-free-govt-papers,,
https://www.dawn.com/news/1834793/ke-allowed-to-add-more-power-through-renewables,,
https://www.dawn.com/news/1834793/ke-allowed-to-add-more-power-through-renewables,,
https://www.dawn.com/sport,Sport - DAWN.COM,Checkout for the Latest and Top News from Pakistan and around the world
https://www.dawn.com/news/1834854/serial-winner-kroos-eyes-two-trophy-finish-to-career,,
https://www.dawn.com/news/1834854/serial-winner-kroos-eyes-two-trophy-finish-to-career,,
https://www.dawn.com/news/1834723/imad-looking-forward-to-improved-show-against-england,,
https://www.dawn.com/news/1834723/imad-looking-forward-to-improved-show-against-england,,
https://www.dawn.com/news/1834722/psb-vows-to-fix-jinnah-stadium-floodlights-for-pakistans-world-cup-qualifier-against-saudi-arabia,,
https://www.dawn.com/news/1834722/psb-vows-to-fix-jinnah-stadium-floodlights-for-pakistans-world-cup-qualifier-against-saudi-arabia,,
https://www.dawn.com/news/1834719/no-reason-to-sanction-israel-games-should-promote-peace-says-head-of-international-paralympic-committee,,
https://www.dawn.com/news/1834719/no-reason-to-sanction-israel-games-should-promote-peace-says-head-of-international-paralympic-committee,,
https://www.dawn.com/news/1834484/pakistan-basketball-federation-suspends-fines-officials-and-players-for-misconduct,,
https://www.dawn.com/news/1834484/pakistan-basketball-federation-suspends-fines-officials-and-players-for-misconduct,"Pakistan Basketball Federation suspends, fines officials and players for misconduct - Sport - DAWN.COM","Players must submit affidavits committing to not repeat such violations, with the warning that further infractions can lead to lifetime bans."
https://www.dawn.com/news/1834479/wyatt-steers-england-women-to-t20-series-sweep-over-pakistan,,
https://www.dawn.com/news/1834479/wyatt-steers-england-women-to-t20-series-sweep-over-pakistan,,
https://www.dawn.com/world,World - DAWN.COM,Checkout for the Latest and Top News from Pakistan and around the world
https://www.dawn.com/news/1834821/iranians-pay-last-respects-to-late-president-raisi-killed-in-helicopter-crash,Iranians pay last respects to late president Raisi killed in helicopter crash - World - DAWN.COM,"Mourners walk behind lorry carrying coffins of Raisi and those who died with him, including foreign minister Hossein Amir-Abdollahian."
https://www.dawn.com/news/1834821/iranians-pay-last-respects-to-late-president-raisi-killed-in-helicopter-crash,,
https://www.dawn.com/news/1834839/singapore-airlines-flight-hits-severe-turbulence-one-passenger-dead-7-critically-injured,,
https://www.dawn.com/news/1834839/singapore-airlines-flight-hits-severe-turbulence-one-passenger-dead-7-critically-injured,,
https://www.dawn.com/news/1834824/india-shuts-schools-as-temperatures-soar,,
https://www.dawn.com/news/1834824/india-shuts-schools-as-temperatures-soar,,
https://www.dawn.com/news/1834772/rss-steps-in-as-modis-bjp-faces-resistance-fatigue-in-election,,
https://www.dawn.com/news/1834772/rss-steps-in-as-modis-bjp-faces-resistance-fatigue-in-election,,
https://www.dawn.com/news/1834751/pakistan-turkiye-vow-to-hike-trade-to-5bn,,
https://www.dawn.com/news/1834751/pakistan-turkiye-vow-to-hike-trade-to-5bn,,
https://www.dawn.com/news/1834769/cohen-acknowledges-stealing-from-trump-at-hush-money-trial,Cohen acknowledges stealing from Trump at hush money trial - World - DAWN.COM,"Says he paid roughly $20,000 of the $50,000 that Trump’s company owed to the 'tech company' in cash, handing it off in a brown paper bag at his office."
https://www.dawn.com/news/1834769/cohen-acknowledges-stealing-from-trump-at-hush-money-trial,,
https://images.dawn.com,Home - Images,Film. Fashion. Celebrity. Culture. All your lifestyle needs met by Pakistan&#039;s hippest insider. IMAGES - Home
https://images.dawn.com/news/1192458/internet-split-after-learning-amal-clooney-assisted-in-arrest-warrants-sought-for-israeli-hamas-leaders,,
https://images.dawn.com/news/1192458/internet-split-after-learning-amal-clooney-assisted-in-arrest-warrants-sought-for-israeli-hamas-leaders,,
https://www.dawn.com/authors/5777/images-staff,News stories for Images Staff - DAWN.COM,Checkout for the Latest and Top News from Pakistan and around the world
https://images.dawn.com/news/1192457/looking-for-the-perfect-locally-made-scented-candle-here-are-our-top-10-picks,,
https://images.dawn.com/news/1192457/looking-for-the-perfect-locally-made-scented-candle-here-are-our-top-10-picks,,
https://www.dawn.com/authors/5777/images-staff,,
https://images.dawn.com/news/1192455/renowned-brahvi-poet-mir-ulfat-passes-away,,
https://images.dawn.com/news/1192455/renowned-brahvi-poet-mir-ulfat-passes-away,Renowned Brahvi poet Mir Ulfat passes away - Culture - Images,Ulfat had been ill for some time and was being treated at a hospital in Quetta.
https://www.dawn.com/authors/396/the-newspaper-s-staff-correspondent,,
https://www.dawn.com/prism,Prism - DAWN.COM,Checkout for the Latest and Top News from Pakistan and around the world
https://www.dawn.com/news/1834815/trial-and-punishment-what-do-arrest-warrants-at-the-icc-mean-for-israel-hamas,,
https://www.dawn.com/news/1834815/trial-and-punishment-what-do-arrest-warrants-at-the-icc-mean-for-israel-hamas,,
https://www.dawn.com/authors/10674/ayesha-malik,,
https://www.dawn.com/news/1823323/fistula-and-child-marriages-the-two-epidemics-plaguing-women-in-gilgit-baltistan,,
https://www.dawn.com/news/1823323/fistula-and-child-marriages-the-two-epidemics-plaguing-women-in-gilgit-baltistan,,
https://www.dawn.com/authors/10965/shereen-karim,News stories for Shereen Karim - DAWN.COM,Checkout for the Latest and Top News from Pakistan and around the world
https://www.dawn.com/news/1831840/can-pakistans-judiciary-be-truly-independent,,
https://www.dawn.com/news/1831840/can-pakistans-judiciary-be-truly-independent,,
https://www.dawn.com/authors/10077/azwar-shakeel,,
https://www.dawn.com/tech,Tech - DAWN.COM,Checkout for the Latest and Top News from Pakistan and around the world
https://www.dawn.com/news/1834659/committee-formed-to-forge-consensus-on-establishing-digital-media-authority,,
https://www.dawn.com/news/1834659/committee-formed-to-forge-consensus-on-establishing-digital-media-authority,,
https://www.dawn.com/authors/157/app,,
https://www.dawn.com/news/1834341/pakistan-to-unveil-indigenous-biometric-solutions-in-cape-town,,
https://www.dawn.com/news/1834341/pakistan-to-unveil-indigenous-biometric-solutions-in-cape-town,,
https://www.dawn.com/authors/262/iftikhar-a-khan,News stories for Iftikhar A. Khan - DAWN.COM,Checkout for the Latest and Top News from Pakistan and around the world
https://www.dawn.com/news/1834295/punjab-cm-maryam-lays-foundation-of-it-city,,
https://www.dawn.com/news/1834295/punjab-cm-maryam-lays-foundation-of-it-city,,
https://www.dawn.com/authors/397/the-newspaper-s-staff-reporter,,
https://www.dawn.com/magazines/eos,EOS -Magazines - DAWN.COM,Checkout for the Latest and Top News from Pakistan and around the world
https://www.dawn.com/news/1834366/why-the-student-protests-matter,WHY THE STUDENT PROTESTS MATTER - Newspaper - DAWN.COM,Do these protests across US and Europe signal a change in Western grassroots sentiment about Palestine and can they make a difference?
https://www.dawn.com/news/1834366/why-the-student-protests-matter,,
https://www.dawn.com/authors/1641/kamran-asdar-ali,,
https://www.dawn.com/authors/11058/shafaq-sohail,News stories for Shafaq Sohail - DAWN.COM,Checkout for the Latest and Top News from Pakistan and around the world
https://www.dawn.com/news/1834365/echoes-of-another-student-movement,,
https://www.dawn.com/news/1834365/echoes-of-another-student-movement,,
https://www.dawn.com/authors/2005/hasan-zaidi,,
https://www.dawn.com/news/1834364/climate-change-the-climate-migrants,,
https://www.dawn.com/news/1834364/climate-change-the-climate-migrants,,
https://www.dawn.com/authors/5191/umar-bacha,,
https://www.dawn.com/magazines/icon,ICON -Magazines - DAWN.COM,Checkout for the Latest and Top News from Pakistan and around the world
https://www.dawn.com/news/1833988/live-wire-a-hit-and-misses-affair,,
https://www.dawn.com/news/1833988/live-wire-a-hit-and-misses-affair,,
https://www.dawn.com/authors/1245/maliha-rehman,,
https://www.dawn.com/news/1833987/the-grapevine,,
https://www.dawn.com/news/1833987/the-grapevine,,
https://www.dawn.com/authors/1734/pyt,,
https://www.dawn.com/news/1833986/prime-time-the-death-of-reality-tv,,
https://www.dawn.com/news/1833986/prime-time-the-death-of-reality-tv,,
https://www.dawn.com/authors/11052/jamie-medhurst,,
https://www.dawn.com/newspaper/business-finance,Business & Finance -Newspaper - DAWN.COM,Checkout for the Latest and Top News from Pakistan and around the world
https://www.dawn.com/news/1834609/enhancing-wheat-storage,Enhancing wheat storage - Business - DAWN.COM,"Improved crop storage capacities could help prevent market glut, stabilise wheat prices and reduce post-harvest losses"
https://www.dawn.com/news/1834609/enhancing-wheat-storage,,
https://www.dawn.com/news/1834608/from-downloads-to-dollars,,
https://www.dawn.com/news/1834606/trumps-deal-rebirth-of-the-fossil-fuel-industry,Trump’s deal — rebirth of the fossil fuel industry - Business - DAWN.COM,"Plans of reversing US net-zero and clean energy policies could have far-reaching effects on global oil production, setting back sustainable energy efforts by a lot."
https://www.dawn.com/magazines/young-world,Young World -Magazines - DAWN.COM,Checkout for the Latest and Top News from Pakistan and around the world
https://www.dawn.com/news/1834241/surviving-post-exam-anxiety,,
https://www.dawn.com/news/1834241/surviving-post-exam-anxiety,,
https://www.dawn.com/news/1834240/mailbox,,
https://www.dawn.com/news/1834237/story-time-overcoming-ones-fears,,
https://aurora.dawn.com,Home - Aurora,"AURORA is Pakistan's leading advertising, marketing and media magazine; it is widely recognised as the voice of the industry."
https://aurora.dawn.com/news/1145100/zabardasti-ki-baat,,
https://aurora.dawn.com/news/1145100/zabardasti-ki-baat,,
https://aurora.dawn.com/news/1145086/a-new-look-at-agriculture,,
https://aurora.dawn.com/news/1145118,,
https://www.chinadaily.com.cn/a/202405/21/WS664c0acda31082fc043c8439.html,,
https://www.chinadaily.com.cn/a/202405/21/WS664c0d2fa31082fc043c8472.html,,
https://www.chinadaily.com.cn/a/202405/21/WS664bfe7ca31082fc043c83a9.html,,
https://asianews.network/,,
https://www.chinadaily.com.cn/a/202405/21/WS664c0acda31082fc043c8439.html,,
https://www.chinadaily.com.cn/a/202405/21/WS664c0d2fa31082fc043c8472.html,NCPA International Opera Film Exhibition unveils dazzling lineup - Chinadaily.com.cn,"The 2024 NCPA International Opera Film Exhibition is set to captivate audiences from May 20 to July 31, offering a cinematic extravaganza that spans 24 Chinese cities, including Beijing, Shanghai, Guangzhou, and Shenzhen, with 300 screening venues illuminating the cultural landscape of China. Moreover, the event will extend its reach to over 20 universities, hosting 30 special screenings to engage and inspire the younger generation with the enchanting world of opera cinema."
https://www.chinadaily.com.cn/a/202405/21/WS664bfe7ca31082fc043c83a9.html,Politics over pragmatism - Chinadaily.com.cn,Politics over pragmatism
https://asianews.network/, Asia News Network - Bringing Asia CloserAsia News Network – Bringing Asia Closer,"Asia News Network is the leading regional alliance of news titles striving to bring the region closer, through an active sharing of editorial content on happenings in the region."
https://www.dawn.com/,Home - DAWN.COM,Checkout for the Latest and Top News from Pakistan and around the world
https://www.compunode.com/,Compunode,Advance Software and Publishing Solutions in EMEA and globally.
https://www.dawn.com,Home - DAWN.COM,Checkout for the Latest and Top News from Pakistan and around the world
https://whatsapp.com/channel/0029VaMc238IiRov8okfYy3n,‏‎Dawn.com‎‏ | WhatsApp چینل,"‏‎Dawn.com‎‏ WhatsApp چینل۔ channel‏‎Get your news from across Pakistan, South Asia and the world from the voice you trust.‎‏۔ ‏8.7 لاکھ‏ فالوورز"
https://twitter.com/dawn_com,,
https://www.facebook.com/dawndotcom,Dawn.com,"‏‎Dawn.com‎‏۔ ‏‏2,510,558‏ لائکس · ‏26,567‏ اس بارے بات کر رہے ہیں‏۔ ‏‎Your window to latest news, analysis and features from Pakistan, South Asia and..."
https://www.instagram.com/dawn.today/,Dawn Today (@dawn.today) • Instagram photos and videos,"709K Followers, 32 Following, 55K Posts - See Instagram photos and videos from Dawn Today (@dawn.today)"
https://itunes.apple.com/pk/app/dawn-official-mobile-app/id935631940,"
      ‎Dawn - Official Mobile App on the App Store
    ","Read reviews, compare customer ratings, see screenshots and learn more about Dawn - Official Mobile App. Download Dawn - Official Mobile App and enjoy it on your iPhone, iPad and iPod touch."
https://play.google.com/store/apps/details?id=com.mictronicx.dawn,Dawn - Official Mobile App - Apps on Google Play,The latest news from Pakistan and the world is at your fingertips.
https://appgallery.huawei.com/#/app/C104007373,,
https://www.dawn.com/contact,Contact - DAWN.COM - DAWN.COM,
https://www.dawn.com/terms,Terms - DAWN.COM - DAWN.COM,
https://www.dawn.com/reproduction-copyrights,Reproduction Copyrights - DAWN.COM - DAWN.COM,
https://www.dawn.com/contribution-guidelines,Contribution Guidelines - DAWN.COM - DAWN.COM,
https://www.dawn.com/privacy,Privacy - DAWN.COM - DAWN.COM,
https://www.dawn.com/comments-policy,Comments Policy - DAWN.COM - DAWN.COM,
https://www.dawn.com/code-of-ethics,Code of Ethics - DAWN.COM - DAWN.COM,
https://www.dawn.com/subscription,Payment - DAWN.COM,
https://www.dawn.com/marketing,Marketing - DAWN.COM - DAWN.COM,
https://www.dawn.com/sponsor-content,Sponsor Content - DAWN.COM - DAWN.COM,
https://classifieds.dawn.com,Dawn Classifieds,Classifieds advertisement Real Estate Business Automobiles  Careers Jobs Recruitment Islamabd Karachi Lahore Pakistan cars power price toyota suzuki
https://obituary.dawn.com,,
https://www.dawn.com/prayers-timings,Prayers Timings - DAWN.COM,
https://www.dawn.com/stocks,Stocks - Business - DAWN.COM,Checkout for the Latest and Top News from Pakistan and around the world
https://www.dawn.com/weather,Weather - DAWN.COM - DAWN.COM,
https://www.dawn.com/,Home - DAWN.COM,Checkout for the Latest and Top News from Pakistan and around the world
https://herald.dawn.com,Herald - Herald,Become a print subscriber of Herald in a few clicks.
https://aurora.dawn.com,Home - Aurora,"AURORA is Pakistan's leading advertising, marketing and media magazine; it is widely recognised as the voice of the industry."
https://www.dawn.com/prism,Prism - DAWN.COM,Checkout for the Latest and Top News from Pakistan and around the world
https://www.dawnnews.tv/,Home - Dawnnews,"Visit dawnnews.tv for latest news, breaking news in Urdu today from Pakistan, world, life & style, business, sports, health and analysis."
https://images.dawn.com,Home - Images,Film. Fashion. Celebrity. Culture. All your lifestyle needs met by Pakistan&#039;s hippest insider. IMAGES - Home
https://www.dawn.com/magazines,Magazines - DAWN.COM,Checkout for the Latest and Top News from Pakistan and around the world
https://cityfm89.com,CityFM89,
https://www.youtube.com/channel/UCkMdI0K-74jAjOmh5J5H97Q,Teeli - YouTube,"Web series, comedy sketches and social satire for South Asia's youth."
https://www.bbc.com/,"BBC Home - Breaking News, World News, US News, Sports, Business, Innovation, Climate, Culture, Travel, Video & Audio","Visit BBC for trusted reporting on the latest world and US news, sports, business, climate, innovation, culture and much more."
https://www.bbc.com/,"BBC Home - Breaking News, World News, US News, Sports, Business, Innovation, Climate, Culture, Travel, Video & Audio","Visit BBC for trusted reporting on the latest world and US news, sports, business, climate, innovation, culture and much more."
https://www.bbc.com/news,Home - BBC News,"Visit BBC News for up-to-the-minute news, breaking news, video, audio and feature stories. BBC News provides trusted World and UK news as well as local and regional perspectives. Also entertainment, business, science, technology and health news."
https://www.bbc.com/sport,"BBC Sport - Scores, Fixtures, News - Live Sport","Sports news and live sports coverage including scores, results, video, audio and analysis on Football, F1, Cricket, Rugby Union and all other UK sports."
https://www.bbc.com/business,"BBC Business | Economy, Tech, AI, Work, Personal Finance, Market news","BBC Business brings you the latest in Business news and coverage from around the world, including tech, personal finance, companies, employment, the economy and more"
https://www.bbc.com/innovation,"BBC Innovation | Technology, Health, Environment, AI","BBC Innovation brings you the latest in Technology news and coverage from around the world, including health, environment, AI, and more"
https://www.bbc.com/culture,"BBC Culture | Arts, Film & TV, Reviews, Books, Music, Style","BBC Culture brings you the latest in Arts and Culture news and coverage from around the world, including film and TV reviews, books, art, music, style and more"
https://www.bbc.com/travel,"BBC Travel | Food & drink, History, Destinations, Road trips","BBC Travel brings you the latest travel news and coverage from around the world, including culture, identity, food & drink, sustainability, adventure, experiences, destinations and more"
https://www.bbc.com/future-planet,"BBC Earth | Environment, Climate Change, AI, Food, Health, Social, & Technology","As we face the world’s greatest environmental challenges, BBC Earth brings you solutions in psychology, food, climate change, health, social trends, and technology that can make the world a more sustainable place."
https://www.bbc.com/video,BBC Video - World class video news and storytelling from around the world.,Watch some of the award winning video journalism and features from the BBC
https://www.bbc.com/live,BBC Live & Breaking World and U.S. News,Live journalism from around the world
https://www.bbc.com/home,BBC - Home,"The best of the BBC, with the latest news and sport headlines, weather, TV & radio highlights and much more from across the whole of BBC Online."
https://www.bbc.com/news,Home - BBC News,"Visit BBC News for up-to-the-minute news, breaking news, video, audio and feature stories. BBC News provides trusted World and UK news as well as local and regional perspectives. Also entertainment, business, science, technology and health news."
https://www.bbc.com/news/topics/c2vdnvdg6xxt,Israel Gaza war | Latest News & Updates | BBC News,"Follow the latest news on the Israel Gaza war. Get live updates, maps, verified video reports and expert analysis from BBC journalists on the ground."
https://www.bbc.com/news/war-in-ukraine,Ukraine War | Latest News & Updates| BBC News,"Follow the latest news about the Russia Ukraine war. Find reports from the ground, verified videos, maps and expert analysis by BBC correspondents across the world."
https://www.bbc.com/news/topics/ce483qevngqt,India Election 2024 | Lok Sabha Election latest news| BBC News,
https://www.bbc.com/news/us-canada,US & Canada | Latest News & Updates | BBC News,"Get all the latest news, live updates and content about the US & Canada from across the BBC."
https://www.bbc.com/news/uk,UK | Latest News & Updates | BBC News,"Get all the latest news, live updates and content about the UK from across the BBC."
https://www.bbc.com/news/politics,Politics | Latest News & Updates | BBC News,"Get all the latest news, live updates and content about Politics from across the BBC."
https://www.bbc.com/news/england,England | Latest News & Updates | BBC News,"Get all the latest news, live updates and content about England from across the BBC."
https://www.bbc.com/news/northern_ireland,Northern Ireland | Latest News & Updates | BBC News,"Get all the latest news, live updates and content about Northern Ireland from across the BBC."
https://www.bbc.com/news/northern_ireland/northern_ireland_politics,Northern Ireland Politics | Latest News & Updates | BBC News,"Get all the latest news, live updates and content about Northern Ireland Politics from across the BBC."
https://www.bbc.com/news/scotland,Scotland | Latest News & Updates | BBC News,"Get all the latest news, live updates and content about the Scotland from across the BBC."
https://www.bbc.com/news/scotland/scotland_politics,Scotland Politics | Latest News & Updates | BBC News,"Get all the latest news, live updates and content about Scotland Politics from across the BBC."
https://www.bbc.com/news/wales,Wales | Latest News & Updates | BBC News,"Get all the latest news, live updates and content about Wales from across the BBC."
https://www.bbc.com/news/wales/wales_politics,Wales Politics | Latest News & Updates | BBC News,"Get all the latest news, live updates and content about Welsh Politics from across the BBC."
https://www.bbc.com/news/world/africa,Africa | Latest News & Updates | BBC News,"Get all the latest news, live updates and content about Africa from across the BBC."
https://www.bbc.com/news/world/asia,Asia | Latest News & Updates | BBC News,"Get all the latest news, live updates and content about Asia from across the BBC."
https://www.bbc.com/news/world/asia/china,China | Latest News & Updates | BBC News,"Get all the latest news, live updates and content about China from across the BBC."
https://www.bbc.com/news/world/asia/india,India | Latest News & Updates | BBC News,"Get all the latest news, live updates and content about India from across the BBC."
https://www.bbc.com/news/world/australia,Australia | Latest News & Updates | BBC News,"Get all the latest news, live updates and content about Australia from across the BBC."
https://www.bbc.com/news/world/europe,Europe | Latest News & Updates | BBC News,"Get all the latest news, live updates and content about Europe from across the BBC."
https://www.bbc.com/news/world/latin_america,Latin America | Latest News & Updates | BBC News,"Get all the latest news, live updates and content about Latin America from across the BBC."
https://www.bbc.com/news/world/middle_east,Middle East | Latest News & Updates | BBC News,"Get all the latest news, live updates and content about the Middle East from across the BBC."
https://www.bbc.com/news/in_pictures,In Pictures | Latest News & Updates | BBC News,"Get all the latest news, live updates and content about In Pictures from across the BBC."
https://www.bbc.com/news/reality_check,BBC Verify | Latest News & Updates | BBC News,"Get all the latest news, live updates and content about BBC Verify from across the BBC."
https://www.bbc.com/sport,"BBC Sport - Scores, Fixtures, News - Live Sport","Sports news and live sports coverage including scores, results, video, audio and analysis on Football, F1, Cricket, Rugby Union and all other UK sports."
https://www.bbc.com/business,"BBC Business | Economy, Tech, AI, Work, Personal Finance, Market news","BBC Business brings you the latest in Business news and coverage from around the world, including tech, personal finance, companies, employment, the economy and more"
https://www.bbc.com/business/future-of-business,BBC Business | Future of Business,"BBC Business brings you the latest news and coverage exploring the future of business from around the world, from digital disruption to the landscape of business advancement, growth, and sustainability"
https://www.bbc.com/business/technology-of-business,Technology of Business | Latest News & Updates | BBC News,"Get all the latest news, live updates and content about Technology of Business from across the BBC."
https://www.bbc.com/business/c-suite,BBC Business | Work Culture,BBC Business brings you the latest news and global analysis for business leaders today – from trending news stories with a global perspective to insights from thought leaders around the world.
https://www.bbc.com/innovation,"BBC Innovation | Technology, Health, Environment, AI","BBC Innovation brings you the latest in Technology news and coverage from around the world, including health, environment, AI, and more"
https://www.bbc.com/innovation/technology,BBC Innovation | Technology,BBC Innovation brings you the latest in Technology news and coverage from around the world
https://www.bbc.com/innovation/science,BBC Innovation | Science & Health,BBC Innovation brings you the latest in Science and health news and coverage from around the world
https://www.bbc.com/innovation/artificial-intelligence,BBC Innovation | Artificial Intelligence,BBC Innovation brings you the latest in Technology news and coverage from around the world
https://www.bbc.com/culture,"BBC Culture | Arts, Film & TV, Reviews, Books, Music, Style","BBC Culture brings you the latest in Arts and Culture news and coverage from around the world, including film and TV reviews, books, art, music, style and more"
https://www.bbc.com/culture/film-tv,BBC Culture | Film & TV,BBC Culture brings you the latest film & TV news and coverage from around the world
https://www.bbc.com/culture/music,BBC Culture | Music,BBC Culture brings you the latest music news and coverage from around the world
https://www.bbc.com/culture/art,BBC Culture | Art & Design,BBC Culture brings you the latest art and design news and coverage from around the world
https://www.bbc.com/culture/style,BBC Culture | Style,BBC Culture brings you the latest style news and coverage from around the world
https://www.bbc.com/culture/books,BBC Culture | Books,BBC Culture brings you the latest books news and coverage from around the world
https://www.bbc.com/culture/entertainment-news,Entertainment & Arts | Latest News & Updates | BBC News,"Get all the latest news, live updates and content about Entertainment & Arts from across the BBC."
https://www.bbc.com/travel,"BBC Travel | Food & drink, History, Destinations, Road trips","BBC Travel brings you the latest travel news and coverage from around the world, including culture, identity, food & drink, sustainability, adventure, experiences, destinations and more"
https://www.bbc.com/travel/destinations,BBC Travel | Destinations,BBC Travel brings you the latest Destination guides from around the world
https://www.bbc.com/travel/destinations/africa,BBC Travel | Destinations | Africa,BBC Travel brings you the latest articles and guides to Africa
https://www.bbc.com/travel/destinations/antarctica,BBC Travel | Destinations | Antarctica,BBC Travel brings you the latest articles and guides to Antarctica
https://www.bbc.com/travel/destinations/asia,BBC Travel | Destinations | Asia,BBC Travel brings you the latest articles and guides to Asia
https://www.bbc.com/travel/destinations/australia-and-pacific,BBC Travel | Destinations | Australia and Pacific,BBC Travel brings you the latest articles and guides to Australia and Pacific
https://www.bbc.com/travel/destinations/caribbean,BBC Travel | Destinations | Caribbean & Bermuda,BBC Travel brings you the latest articles and guides to the Caribbean & Bermuda
https://www.bbc.com/travel/destinations/central-america,BBC Travel | Destinations | Central America,BBC Travel brings you the latest articles and guides to Central America
https://www.bbc.com/travel/destinations/europe,BBC Travel | Destinations | Europe,BBC Travel brings you the latest articles and guides to Europe
https://www.bbc.com/travel/destinations/middle-east,BBC Travel | Destinations | Middle East,BBC Travel brings you the latest articles and guides to the Middle East
https://www.bbc.com/travel/destinations/north-america,BBC Travel | Destinations | North America,BBC Travel brings you the latest articles and guides to North America
https://www.bbc.com/travel/destinations/south-america,BBC Travel | Destinations | South America,BBC Travel brings you the latest articles and guides to South America
https://www.bbc.com/travel/worlds-table,BBC Travel | Worlds Table,"BBC Travel Worlds Table series is changing the way the world thinks about food, through the past, present and future."
https://www.bbc.com/travel/cultural-experiences,BBC Travel | Culture & Experiences,BBC Travel brings you the latest Culture & Experiences coverage from around the world
https://www.bbc.com/travel/adventures,BBC Travel | Adventures,BBC Travel brings you the latest Adventure Travel coverage from around the world
https://www.bbc.com/travel/specialist,BBC Travel | The SpecialList,The SpecialList series helps you see the world through the eyes of local experts and tastemakers in guides to the most popular and emerging destinations across the globe
https://www.bbc.com/future-planet,"BBC Earth | Environment, Climate Change, AI, Food, Health, Social, & Technology","As we face the world’s greatest environmental challenges, BBC Earth brings you solutions in psychology, food, climate change, health, social trends, and technology that can make the world a more sustainable place."
https://www.bbc.com/future-planet/natural-wonders,BBC Earth | Natural Wonders,BBC Earth brings you the latest coverage of Natural Wonders from around the world
https://www.bbc.com/future-planet/weather-science,BBC Earth | Weather & Science,BBC Earth brings you the latest Weather and Science solutions coverage from around the world
https://www.bbc.com/future-planet/solutions,BBC Earth | Climate Solutions,BBC Earth brings you the latest Climate solutions coverage from around the world
https://www.bbc.com/future-planet/sustainable-business,BBC Earth | Sustainable Business,BBC Earth brings you the latest Sustainable Business coverage from around the world
https://www.bbc.com/future-planet/green-living,BBC Earth | Green Living,BBC Earth brings you the latest Green Living coverage from around the world
https://www.bbc.com/video,BBC Video - World class video news and storytelling from around the world.,Watch some of the award winning video journalism and features from the BBC
https://www.bbc.com/live,BBC Live & Breaking World and U.S. News,Live journalism from around the world
https://www.bbc.com/live/news,BBC Live & Breaking World and U.S. News,Live News journalism from around the world
https://www.bbc.com/live/sport,BBC Live & Breaking World and U.S. Sport News,Live Sport journalism from around the world
https://www.bbc.com/,"BBC Home - Breaking News, World News, US News, Sports, Business, Innovation, Climate, Culture, Travel, Video & Audio","Visit BBC for trusted reporting on the latest world and US news, sports, business, climate, innovation, culture and much more."
https://www.bbc.com/sport,"BBC Sport - Scores, Fixtures, News - Live Sport","Sports news and live sports coverage including scores, results, video, audio and analysis on Football, F1, Cricket, Rugby Union and all other UK sports."
https://www.bbc.com/video,BBC Video - World class video news and storytelling from around the world.,Watch some of the award winning video journalism and features from the BBC
https://www.bbc.co.uk/sounds?src_origin=BBCS_BBC,BBC Sounds - Music. Radio. Podcasts,"Listen without limits, with BBC Sounds. Catch the latest music tracks, discover binge-worthy podcasts, or listen to radio shows - all whenever you want."
https://www.bbc.com/weather,BBC Weather - Home,"Latest weather conditions and forecasts for the UK and the world. Includes up to 14-days of hourly forecast information, warnings, maps, and the latest editorial analysis and videos from the BBC Weather Centre."
https://www.bbc.com/news/articles/cw4490z75v3o,"What ICC arrest warrants mean for Israel, Benjamin Netanyahu and Hamas",The Israeli and Hamas leaders are suspected of committing war crimes during the continuing war in Gaza.
https://www.bbc.com/news/live/world-69044396?src_origin=BBCS_BBC,"Singapore Airlines flight live: British man, 73, dies during severe turbulence on London-Singapore flight - BBC News","Authorities say the man ""likely"" died of a heart attack; seven others are critically injured."
https://www.bbc.com/news/articles/cw4490z75v3o,"What ICC arrest warrants mean for Israel, Benjamin Netanyahu and Hamas",The Israeli and Hamas leaders are suspected of committing war crimes during the continuing war in Gaza.
https://www.bbc.com/news/live/world-69044396?src_origin=BBCS_BBC,"Singapore Airlines flight live: British man, 73, dies during severe turbulence on London-Singapore flight - BBC News","Authorities say the man ""likely"" died of a heart attack; seven others are critically injured."
https://www.bbc.com/news/articles/crgygdr7vezo,"Gaza detainees shackled, blindfolded and in nappies at Israel hospital","Allegations centre on a military hospital where, a whistle-blower said, painkillers were ""routinely"" not used in procedures."
https://www.bbc.com/news/live/world-us-canada-69028137?src_origin=BBCS_BBC,Trump trial live: Defence team rests in hush-money trial - BBC News,The former president will not testify in the historic criminal trial in New York.
https://www.bbc.com/news/articles/cgrrky897k0o,Mount Fuji: Japan blocks iconic view to deter tourists,A big barrier is erected as local residents accuse tourists of dropping litter and parking illegally.
https://www.bbc.com/news/articles/crgg5pne2nno,Elvis Presley's granddaughter Riley Keough fights Graceland sale,Actress Riley Keough claims a company trying to sell the estate forged her mother's signature.
https://www.bbc.com/news/articles/cxwwydey489o,Ebrahim Raisi: Thousands on street for Iran president's funeral,"Mourners waved Iranian flags and portraits of the late president, who will be buried on Thursday."
https://www.bbc.com/future/article/20240521-what-happens-when-you-stop-taking-ozempic,What happens when you stop taking weight-loss drugs?,"Weight-suppressant drugs have helped millions to lose weight. But once they're stopped, people tend to regain most of what they shed. What does this mean for their long-term health?"
https://www.bbc.com/culture/article/20240521-the-apprentice-review-sebastian-stan-is-excellent-as-a-young-donald-trump,The Apprentice review: Sebastian Stan is 'excellent' as a young Donald Trump,"With Sebastian Stan as the young Donald Trump and Jeremy Strong as his notoriously vicious mentor, The Apprentice is part ""compellingly cynical buddy movie"", part conventional biopic."
https://www.bbc.com/news/videos/cmjj8gp5xxlo,Singapore Airlines: Injured passenger carried off flight,"A passenger injured by severe turbulence is carried off flight SQ321 at Bangkok airport.
"
https://www.bbc.com/news/world-asia-india-69041893,The many colours of India’s election campaigns,"India's general election, the world's largest democratic exercise, is a long, colourful and visual affair."
https://www.bbc.com/news/articles/c988v2xl7zwo,Spain recalls Argentina ambassador in Milei insult row,"Spain ""definitively"" recalls its ambassador to Argentina, in an escalating row with President Javier Milei."
https://www.bbc.com/news/articles/c0wwp2d0gd4o,West Bank: Seven Palestinians killed during Israeli raid in Jenin,The Palestinian health ministry says those killed include a doctor who was on his way to work.
https://www.bbc.com/news/articles/c255njzzx2lo,Greek court throws out shipwreck trial against nine Egyptians,The judges ruled they had no jurisdiction to hear the case as the boat sank in international waters.
https://www.bbc.com/news/world-asia-india-69041893,The many colours of India’s election campaigns,"India's general election, the world's largest democratic exercise, is a long, colourful and visual affair."
https://www.bbc.com/sport/football/69041706,Sam Kerr: Australia & Chelsea striker ruled out of Paris Olympics - BBC Sport,Australia striker Sam Kerr is ruled out of the Olympics after injuring her anterior cruciate ligament n January.
https://www.bbc.com/news/articles/cxeem15rkn9o,Macron to fly to New Caledonia after French island hit by riots ,Macron held a defence council on the New Caledonia situation at the Elysee Palace in Paris on Monday 
https://www.bbc.com/news/articles/c988v2xl7zwo,Spain recalls Argentina ambassador in Milei insult row,"Spain ""definitively"" recalls its ambassador to Argentina, in an escalating row with President Javier Milei."
https://www.bbc.com/news/videos/cmjj8gp5xxlo,Singapore Airlines: Injured passenger carried off flight,"A passenger injured by severe turbulence is carried off flight SQ321 at Bangkok airport.
"
https://www.bbc.com/news/world-us-canada-69004634,Trump trial: Cohen says he stole and a witness angers the judge,The prosecution rested its case on Monday and the defence called two witnesses - then Judge Merchan cleared the room.
https://www.bbc.com/news/articles/ceddwgd9n3eo,Asian hornets: How to spot them and how to treat a sting,The buzz over a record number of reported sightings last year has prompted warnings this summer.
https://www.bbc.com/news/world-us-canada-69041446,"Decades after training, 90-year-old finally goes to space on Blue Origin flight",Ed Dwight was the first black astronaut candidate in 1961 - but was never picked for a Nasa mission.
https://www.bbc.com/news/world-asia-india-69041893,The many colours of India’s election campaigns,"India's general election, the world's largest democratic exercise, is a long, colourful and visual affair."
https://www.bbc.com/news/articles/ce991l6918do,Iran: Mourners gather around President Raisi's funeral casket,Thousands of people are gathering in the city of Tabiz to mourn the victim's of Sunday's helicopter crash.
https://www.bbc.com/reel/video/p0hz7bgl/the-celebrity-dogs-of-cannes,The celebrity dogs of Cannes,"Messi has been a big star on the red carpet, eclipsing Meryl Streep. But who will win the Palm Dog this year?"
https://www.bbc.com/culture/article/20240520-horizon-an-american-saga-review-kevin-costners-western-is-a-numbingly-long-incoherent-disas-ter,"Horizon: An American Saga review: Kevin Costner's Western is a numbingly long, incoherent disaster","The first film in the actor-director's planned four-part passion project is baffling – like a three-hour pilot episode for a TV show, with half-formed characters and no structure."
https://www.bbc.com/culture/article/20240518-kinds-of-kindness-cannes-film-festival-review-emma-stone-jesse-plemons-yogos-lanthimos,Kinds of Kindness review: 'Almost unbearable cruelty' in Emma Stone's wacky black comedy,"Emma Stone, Jesse Plemons, and Margaret Qualley star in Kinds of Kindness, which premiered at the Cannes Film Festival. Its comic sketches are dark – and disturbing."
https://www.bbc.com/future/article/20240516-a-vulture-road-trip-to-save-them-from-extinction,A vulture road trip to save them from extinction,Vultures can fly for hundreds of thousands of kilometres. But 163 vultures recently made an epic 1050-km (650-mile) journey by road – the largest ever translocation of vultures.
https://www.bbc.com/travel/article/20240521-the-remote-argentinean-community-that-is-saving-the-stars,The remote Argentinean community that is saving the stars,"In the jungle of Misiones, Argentina's northern green thumb, one Indigenous community is working to save their ancient knowledge of the night sky."
https://www.bbc.com/news/articles/cz55mj18106o,Brothers proud of killed Cornwall aid worker's legacy,"The brothers of James ""Jim"" Henderson say their brother ""achieved so much in his lifetime""."
https://www.bbc.com/news/articles/c9eev88xy59o,Gaza war: Israel's defence minister rejects ICC warrant requests,"Yoav Gallant accuses the prosecutor of drawing a ""despicable"" parallel between Israel and Hamas."
https://www.bbc.com/news/articles/cmllykpwgdyo,ICC: Netanyahu angrily rejects move to seek his arrest,"Israel's prime minister lambasts the ICC, saying it has compared Israel to ""mass murderers""."
https://www.bbc.com/news/articles/c0wwp2d0gd4o,West Bank: Seven Palestinians killed during Israeli raid in Jenin,The Palestinian health ministry says those killed include a doctor who was on his way to work.
https://www.bbc.com/news/articles/cx88lve88wyo,Thousands flee Russian offensive in Kharkiv region,"Fighting around Ukraine’s second largest city has so far displaced around 14,000 people."
https://www.bbc.com/news/articles/cw449e92lpxo,Ukrainian cancer survivor holds Washington art exhibition,Lena Archbold hopes the exhibition will raise money for her home country and help friends still there. 
https://www.bbc.com/news/articles/clmml2xp2n5o,Londoners donate 110 non-compliant Ulez vehicles for Ukraine aid,Vehicles that do not meet Ulez emission rules can be donated to Ukraine instead of being scrapped.
https://www.bbc.com/news/articles/cn007p39zdzo,Ukraine's Zelensky stays in power despite term expiring,Martial law and a desire for stability keeps the Ukrainian leader in power without new elections.
https://www.bbc.com/news/world-us-canada-69041447,Timelapse videos capture Baltimore bridge wreckage removal,Footage recorded over weeks depicts the massive clearing effort and the moment cargo ship Dali was moved.
https://www.bbc.com/news/world-us-canada-61084161,A guide to Donald Trump's four criminal cases,The former president is juggling potentially explosive legal battles with campaigning for the White House.
https://www.bbc.com/news/world-us-canada-69044111,"Trump allies, including Rudy Giuliani, to be arraigned in fake elector scheme",Arizona is the fourth US state to charge Trump allies for allegedly trying to overturn election results.
https://www.bbc.com/news/articles/clll2epyd4jo,Alaska moose kills man trying to photograph its newborn calves,Dale Chorman and a friend went in search of a cow moose and its two newborn calves on his property.
https://www.bbc.com/news/articles/c8889d7x8j4o,Singapore Airlines: Passengers recall horror as turbulence hit flight,"One person has died, with several injured, after severe turbulence on a London to Singapore flight."
https://www.bbc.com/news/videos/cmjj8gp5xxlo,Singapore Airlines: Injured passenger carried off flight,"A passenger injured by severe turbulence is carried off flight SQ321 at Bangkok airport.
"
https://www.bbc.com/news/articles/cv2237rplg8o,"BMW, Jaguar and VW imported banned Xinjiang parts - Senate probe",The car makers used parts made by a supplier banned over alleged links to Chinese forced labour.
https://www.bbc.com/news/articles/cv22xjw7d9po,"Philippines: Mayor Alice Guo says she is a love child, not China spy",Alice Guo insists she is a Philippine citizen in the face of weeks of criticism.
https://www.bbc.com/reel/video/p0hxbksd/astronaut-peggy-whitson-how-space-changed-my-body,Astronaut Peggy Whitson: How space changed my body,"Peggy Whitson has spent 675 days in space, more than any other American. Here's how it affected her body."
https://www.bbc.com/news/articles/crgg821ezz8o,New Caledonia: Australia and New Zealand send evacuation flights amid unrest,The French Pacific territory's airport has been closed since deadly unrest erupted last week. 
https://www.bbc.com/sport/cricket/articles/cne93vemvreo,"T20 World Cup 2024: Full squads including England, India & Australia - BBC Sport",Look at who each of the 20 teams involved in the 2024 Men's T20 World Cup have named in their squads. 
https://www.bbc.com/news/business-68936973,Post Office: Fujitsu sacked top boss at height of Horizon scandal,"Global president Rod Vawdrey then returned to Australia and made millions in a ""train wreck"" float."
https://www.bbc.com/sport/cricket/articles/cp0g0g64mpdo,Marnus Labuschagne: 'England can cope without James Anderson and Stuart Broad' - BBC Sport,Australia batter Marnus Labuschagne believes England can cope without the experience of James Anderson and Stuart Board.
https://www.bbc.com/news/articles/c3ggk2erkkvo,Prince Harry loses court bid to name Rupert Murdoch in hacking claim,"But the Duke of Sussex was granted permission to alter his case to include further accusations against journalists and private investigators.

"
https://www.bbc.com/news/uk-politics-69043611,Move to extend police protest powers ruled unlawful,The High Court has ruled the Home Office acted outside of its powers in laws passed last year.
https://www.bbc.com/news/uk-66775985,How dangerous are XL bullies and how does the ban work?,"Rules restricting ownership of American XL bully dogs are in force in England, Wales and Scotland."
https://www.bbc.com/news/explainers-51047186,"Why did Harry and Meghan leave the Royal Family, and where do they get their money?",The Duke and Duchess of Sussex are not funded by the Royal Family and have various commercial deals.
https://www.bbc.com/news/articles/c9eev88xy59o,Gaza war: Israel's defence minister rejects ICC warrant requests,"Yoav Gallant accuses the prosecutor of drawing a ""despicable"" parallel between Israel and Hamas."
https://www.bbc.com/news/articles/cxwwydey489o,Ebrahim Raisi: Thousands on street for Iran president's funeral,"Mourners waved Iranian flags and portraits of the late president, who will be buried on Thursday."
https://www.bbc.com/news/articles/cmllykpwgdyo,ICC: Netanyahu angrily rejects move to seek his arrest,"Israel's prime minister lambasts the ICC, saying it has compared Israel to ""mass murderers""."
https://www.bbc.com/news/articles/c0wwp2d0gd4o,West Bank: Seven Palestinians killed during Israeli raid in Jenin,The Palestinian health ministry says those killed include a doctor who was on his way to work.
https://www.bbc.com/news/articles/crggd31ldkgo,"Mozambique health workers strike: Hundreds of patients dying, says union","Health workers are striking because they face such dire conditions, the union says."
https://www.bbc.com/news/articles/c1dd9jzr02ko,Mali professor Étienne Fakaba Sissoko jailed for criticising the junta,Étienne Fakaba Sissoko's book accused the military of using propaganda to sway public opinion.
https://www.bbc.com/news/articles/cv22l7mlxdzo,Jacob Zuma barred from standing in South Africa's election by Constitutional Court,Ex-President Jacob Zuma's 15-month prison sentence disqualifies him from being a lawmaker.
https://www.bbc.com/news/articles/cxeeydypv32o,DR Congo attemped coup: Army says it thwarted attack in Kinshasa ,The Democratic Republic Congo army said they have stopped an attempted coup involving Congolese and foreign soldiers.
https://www.bbc.com/sport/football/live/cx9957jplxyt?src_origin=BBCS_BBC,Reaction as Southgate leaves Rashford & Henderson out of initial England Euro 2024 squad - BBC Sport,"Latest news & reaction as Gareth Southgate announces his 33-man provisional England squad for Euro 2024 - Rashford, Henderson, James, White miss out, while Mainoo, Grealish, Toney, Quansah, Eze, Wharton, selected."
https://www.bbc.com/news/articles/cv2237rplg8o,"BMW, Jaguar and VW imported banned Xinjiang parts - Senate probe",The car makers used parts made by a supplier banned over alleged links to Chinese forced labour.
https://www.bbc.com/news/articles/cj5ll89dy2mo,Electricity grids creak as AI demands soar,"Data centre electricity demand is forecast to double in four years, putting energy grids under pressure."
https://www.bbc.com/news/articles/cldd6x6gglxo,"Rates should be cut to 3.5% by end of 2025, IMF says",The international body upgrades its UK growth forecast and says rates could fall to 4.5% by the end of 2024.
https://www.bbc.com/future/article/20240515-the-dumbphones-people-want-are-hard-to-find,People want 'dumbphones'. Will companies make them?,Self-labelled neo-Luddites and the tech-stressed are searching for phones with fewer features. Industry experts cite precarious profit margins and a wobbly market around this need.
https://www.bbc.com/news/articles/cm559l5g529o,ChatGPT: Scarlett Johansson left 'angered' by chatbot imitation,"The star says she is ""shocked"" after OpenAI launched a chatbot with a voice ""eerily similar"" to hers."
https://www.bbc.com/news/world-asia-india-68988189,Tamil Nadu: These elephants are dying on rail tracks - can AI save them?,Officials in the Indian state of Tamil Nadu are using AI to monitor elephant movement on rail tracks.
https://www.bbc.com/news/articles/cjmmj7r0v2go,Friendly Father: South Korea bans TikTok hit idolising Kim Jong Un,"The boppy propaganda tune extols Kim Jong Un as a ""friendly father"" and ""great leader""."
https://www.bbc.com/news/articles/cj5ll89dy2mo,Electricity grids creak as AI demands soar,"Data centre electricity demand is forecast to double in four years, putting energy grids under pressure."
https://www.bbc.com/culture/article/20240521-the-apprentice-review-sebastian-stan-is-excellent-as-a-young-donald-trump,The Apprentice review: Sebastian Stan is 'excellent' as a young Donald Trump,"With Sebastian Stan as the young Donald Trump and Jeremy Strong as his notoriously vicious mentor, The Apprentice is part ""compellingly cynical buddy movie"", part conventional biopic."
https://www.bbc.com/news/articles/crgg5pne2nno,Elvis Presley's granddaughter Riley Keough fights Graceland sale,Actress Riley Keough claims a company trying to sell the estate forged her mother's signature.
https://www.bbc.com/news/articles/cm559l5g529o,ChatGPT: Scarlett Johansson left 'angered' by chatbot imitation,"The star says she is ""shocked"" after OpenAI launched a chatbot with a voice ""eerily similar"" to hers."
https://www.bbc.com/culture/article/20240520-horizon-an-american-saga-review-kevin-costners-western-is-a-numbingly-long-incoherent-disas-ter,"Horizon: An American Saga review: Kevin Costner's Western is a numbingly long, incoherent disaster","The first film in the actor-director's planned four-part passion project is baffling – like a three-hour pilot episode for a TV show, with half-formed characters and no structure."
https://www.bbc.com/sport/football/articles/cd11e0v7rlgo,England manager Gareth Southgate right to axe Marcus Rashford - BBC Sport,England manager right to axe Marcus Rashford and the old guard but defensive woes exposed in Euro 2024 squad
https://www.bbc.com/sport/football/articles/crgg298849mo,Euro 2024 TV schedule for BBC and ITV - BBC Sport,Throughout Euro 2024 BBC Sport will update this page with your channel guide for each game.
https://www.bbc.com/sport/cricket/videos/cg33grexevno,Jos Buttler: England return to action with 'pride dented' - BBC Sport,"England T20 captain Jos Buttler says England return to action against Pakistan with their ""pride dented"" by their disappointing defence of the 50-over World Cup."
https://www.bbc.com/sport/rugby-league/articles/cp00l4d3ev3o,Cain Robb: Castleford hooker agrees new two-year contract - BBC Sport,"Cain Robb agrees a new two-year deal, becoming the latest player to commit his future to Castleford Tigers."
https://cloud.email.bbc.com/SignUp10_08?&at_bbc_team=studios&at_medium=display&at_objective=acquisition&at_ptr_type=&at_ptr_name=bbc.comhp&at_format=Module&at_link_origin=homepage&at_campaign=essentiallist&at_campaign_type=owned,The Essential List,
https://cloud.email.bbc.com/US_Election_Unspun_newsletter_signup?&at_bbc_team=studios&at_medium=display&at_objective=acquisition&at_ptr_type=&at_ptr_name=bbc.comhp&at_format=Module&at_link_origin=homepage&at_campaign=uselectionunspun&at_campaign_type=owned,US Election Unspun,
https://cloud.email.bbc.com/InHistory_newsletter_signup?&at_bbc_team=studios&at_medium=display&at_objective=acquisition&at_ptr_type=&at_ptr_name=bbc.comhp&at_format=Module&at_link_origin=homepage&at_campaign=inhistory&at_campaign_type=owned,In History Newsletter,
https://www.bbc.com/future/article/20240516-a-vulture-road-trip-to-save-them-from-extinction,A vulture road trip to save them from extinction,Vultures can fly for hundreds of thousands of kilometres. But 163 vultures recently made an epic 1050-km (650-mile) journey by road – the largest ever translocation of vultures.
https://www.bbc.com/news/world-asia-india-68988189,Tamil Nadu: These elephants are dying on rail tracks - can AI save them?,Officials in the Indian state of Tamil Nadu are using AI to monitor elephant movement on rail tracks.
https://www.bbc.com/future/article/20240517-are-the-oceans-changing-colour-because-of-climate-change,Why the world's oceans are changing colour,More than half of the world's oceans surface waters have changed colour over the past two decades.
https://www.bbc.com/news/articles/cv22de12wpxo,Carbon capture project to turn Cambridgeshire reserve into peatland,The Great Fen project will create wetlands to benefit wildlife and store CO2.
https://www.bbc.com/future/article/20240516-a-vulture-road-trip-to-save-them-from-extinction,A vulture road trip to save them from extinction,Vultures can fly for hundreds of thousands of kilometres. But 163 vultures recently made an epic 1050-km (650-mile) journey by road – the largest ever translocation of vultures.
https://www.bbc.com/news/uk-69041672,Infected blood scandal: Sunak promises 'comprehensive' blood compensation,Victims and others affected by the infected blood scandal are waiting to hear how much they will be paid.
https://www.bbc.com/news/articles/cv22dl509vjo,Top engineers urge action against faeces in rivers,A team of Royal Academy of Engineering scientists say the risk from human faeces is increasing.
https://www.bbc.com/news/health-69040592,"Long Covid course is ‘exploiting people’, says ex-GB rower","Ex-Team GB's Oonagh Cousins says a treatment she underwent ""blamed"" participants for being ill."
https://www.bbc.com/travel/article/20240519-portugals-take-on-beef-bourguignon,Portugal's take on beef bourguignon,"Akin to France's heartier, spicier, richer boeuf bourguignon, ""alcatra"" is synonymous with a single island in the remote Azores archipelago."
https://www.bbc.com/travel/article/20240514-a-korean-feast-that-honours-buddhas-birth,A Korean feast that honours Buddha's birth,"Every year, millions of people celebrate the founder of Buddhism's birth by enjoying free meals at temples."
https://www.bbc.com/travel/article/20240504-guacachile-a-time-honoured-guacamole-lookalike,Guacachile: A time-honoured guacamole lookalike,"Known in Mexico as ""fake guacamole"", guacachile is a silky, delicious sauce made with just four ingredients – not including avocados. Can diners tell the difference?"
https://www.bbc.com/travel/article/20240426-from-ancient-egypt-to-roman-britain-brewers-are-reviving-beers-from-the-past,"From Ancient Egypt to Roman Britain, brewers are reviving beers from the past","Beer archaeologists are peering back millennia to recreate brews from ancient Egypt, Greece and Rome using ancient methods and ingredients."
https://www.bbc.com/travel/article/20240520-yamashiro-los-angeles-secret-mountain-palace,Yamashiro: Los Angeles' secret mountain palace,"Constructed more than 100 years ago, the Yamashiro Historic District is as fantastic as any story that Hollywood could put on the silver screen."
https://www.bbc.com/travel/article/20240517-a-weekend-in-cannes-with-an-attach-to-the-stars,A weekend in Cannes with an attaché to the stars,Gilles Bastoni is Cannes' celebrity concierge. Here is his tailor-made list for a sublime Cannes getaway – from luxurious star-studded venues to escapes at sea.
https://www.bbc.com/travel/article/20240517-seven-new-bridgerton-filming-locations-you-can-visit,Seven new Bridgerton filming locations you can visit,"Bridgerton is back, and from London palaces to Bath ballrooms, here are some of the best places to experience Regency-era England."
https://www.bbc.com/travel/article/20240516-the-fight-to-rewild-the-worlds-largest-urban-forest-tijuca,Tijuca National Park: The fight to rewild the world's largest urban forest,"After the forest was decimated by colonial plantations, an ambitious rewilding programme is now aiming to ensure the survival of Rio de Janeiro's ancient rainforest."
https://www.bbc.com/,"BBC Home - Breaking News, World News, US News, Sports, Business, Innovation, Climate, Culture, Travel, Video & Audio","Visit BBC for trusted reporting on the latest world and US news, sports, business, climate, innovation, culture and much more."
https://www.bbc.com/,"BBC Home - Breaking News, World News, US News, Sports, Business, Innovation, Climate, Culture, Travel, Video & Audio","Visit BBC for trusted reporting on the latest world and US news, sports, business, climate, innovation, culture and much more."
https://www.bbc.com/news,Home - BBC News,"Visit BBC News for up-to-the-minute news, breaking news, video, audio and feature stories. BBC News provides trusted World and UK news as well as local and regional perspectives. Also entertainment, business, science, technology and health news."
https://www.bbc.com/sport,"BBC Sport - Scores, Fixtures, News - Live Sport","Sports news and live sports coverage including scores, results, video, audio and analysis on Football, F1, Cricket, Rugby Union and all other UK sports."
https://www.bbc.com/business,"BBC Business | Economy, Tech, AI, Work, Personal Finance, Market news","BBC Business brings you the latest in Business news and coverage from around the world, including tech, personal finance, companies, employment, the economy and more"
https://www.bbc.com/innovation,"BBC Innovation | Technology, Health, Environment, AI","BBC Innovation brings you the latest in Technology news and coverage from around the world, including health, environment, AI, and more"
https://www.bbc.com/culture,"BBC Culture | Arts, Film & TV, Reviews, Books, Music, Style","BBC Culture brings you the latest in Arts and Culture news and coverage from around the world, including film and TV reviews, books, art, music, style and more"
https://www.bbc.com/travel,"BBC Travel | Food & drink, History, Destinations, Road trips","BBC Travel brings you the latest travel news and coverage from around the world, including culture, identity, food & drink, sustainability, adventure, experiences, destinations and more"
https://www.bbc.com/future-planet,"BBC Earth | Environment, Climate Change, AI, Food, Health, Social, & Technology","As we face the world’s greatest environmental challenges, BBC Earth brings you solutions in psychology, food, climate change, health, social trends, and technology that can make the world a more sustainable place."
https://www.bbc.com/video,BBC Video - World class video news and storytelling from around the world.,Watch some of the award winning video journalism and features from the BBC
https://www.bbc.com/live,BBC Live & Breaking World and U.S. News,Live journalism from around the world
https://www.bbc.co.uk/sounds?src_origin=BBCS_BBC,BBC Sounds - Music. Radio. Podcasts,"Listen without limits, with BBC Sounds. Catch the latest music tracks, discover binge-worthy podcasts, or listen to radio shows - all whenever you want."
https://www.bbc.com/weather,BBC Weather - Home,"Latest weather conditions and forecasts for the UK and the world. Includes up to 14-days of hourly forecast information, warnings, maps, and the latest editorial analysis and videos from the BBC Weather Centre."
https://shop.bbc.com/,,
https://www.bbc.co.uk/usingthebbc/terms,A few rules for us and you - Using the BBC,We want everyone to enjoy the BBC. But there are a few rules to stick to.
https://www.bbc.co.uk/aboutthebbc,Learn more about what we do,Everything you need to know about the workings of the BBC
https://www.bbc.com/usingthebbc/privacy/,Keeping your info safe and sound,We take your privacy very seriously. And so should you.
https://www.bbc.com/usingthebbc/cookies/,Take control of your cookies,Cookies help us remember you and show you more things we think you’ll like. 
https://www.bbc.co.uk/accessibility/,Accessibility - BBC,
https://www.bbc.co.uk/contact,Contact Home | Contact the BBC,
https://www.bbc.com/advertisingcontact,"BBC Advertising Sales Contact - Breaking News, World News, U.S. News, Sports, Business, Innovation, Climate, Culture, Travel, Video & Audio","Visit BBC for trusted reporting on the latest world and U.S. news, sports, business, climate, innovation, culture and much more."
https://www.bbc.com/usingthebbc/cookies/how-can-i-change-my-bbc-cookie-settings/,How can I change my BBC cookie settings?,
https://www.bbc.com/contact-bbc-com-help,BBC,
https://www.bbc.co.uk/editorialguidelines/guidance/feeds-and-links,Guidance: Links and feeds - Editorial Guidelines,
