link,title,description,cleaned_description
https://www.dawnnews.tv,Home - Dawnnews,"Visit dawnnews.tv for latest news, breaking news in Urdu today from Pakistan, world, life & style, business, sports, health and analysis.",visit dawnnewstv for latest news breaking news in urdu today from pakistan world life  style business sports health and analysis
https://images.dawn.com,Home - Images,Film. Fashion. Celebrity. Culture. All your lifestyle needs met by Pakistan&#039;s hippest insider. IMAGES - Home,film fashion celebrity culture all your lifestyle needs met by pakistans hippest insider images  home
https://herald.dawn.com,Herald - Herald,Become a print subscriber of Herald in a few clicks.,become a print subscriber of herald in a few clicks
https://aurora.dawn.com,Home - Aurora,"AURORA is Pakistan's leading advertising, marketing and media magazine; it is widely recognised as the voice of the industry.",aurora is pakistans leading advertising marketing and media magazine it is widely recognised as the voice of the industry
http://classifieds.dawn.com/,Dawn Classifieds,Classifieds advertisement Real Estate Business Automobiles  Careers Jobs Recruitment Islamabd Karachi Lahore Pakistan cars power price toyota suzuki,classifieds advertisement real estate business automobiles  careers jobs recruitment islamabd karachi lahore pakistan cars power price toyota suzuki
https://obituary.dawn.com,Dawn Obituaries - Book Dawn Newspaper Obituary Online,Place national and regional newspaper obituaries through Dawn's online obituary booking platform,place national and regional newspaper obituaries through dawns online obituary booking platform
https://www.dawn.com/,Home - DAWN.COM,Checkout for the Latest and Top News from Pakistan and around the world,checkout for the latest and top news from pakistan and around the world
https://www.dawn.com,Home - DAWN.COM,Checkout for the Latest and Top News from Pakistan and around the world,checkout for the latest and top news from pakistan and around the world
https://www.dawn.com/latest-news,Latest - DAWN.COM,Checkout for the Latest and Top News from Pakistan and around the world,checkout for the latest and top news from pakistan and around the world
https://www.dawn.com/pakistan,Pakistan - DAWN.COM,Checkout for the Latest and Top News from Pakistan and around the world,checkout for the latest and top news from pakistan and around the world
https://www.dawn.com/opinion,Opinion - DAWN.COM,Checkout for the Latest and Top News from Pakistan and around the world,checkout for the latest and top news from pakistan and around the world
https://www.dawn.com/business,Business - DAWN.COM,Checkout for the Latest and Top News from Pakistan and around the world,checkout for the latest and top news from pakistan and around the world
https://www.dawn.com/world,World - DAWN.COM,Checkout for the Latest and Top News from Pakistan and around the world,checkout for the latest and top news from pakistan and around the world
https://www.dawn.com/entertainment,Home - Images,Film. Fashion. Celebrity. Culture. All your lifestyle needs met by Pakistan&#039;s hippest insider. IMAGES - Home,film fashion celebrity culture all your lifestyle needs met by pakistans hippest insider images  home
https://www.dawn.com/prism,Prism - DAWN.COM,Checkout for the Latest and Top News from Pakistan and around the world,checkout for the latest and top news from pakistan and around the world
https://www.dawn.com/sport,Sport - DAWN.COM,Checkout for the Latest and Top News from Pakistan and around the world,checkout for the latest and top news from pakistan and around the world
https://www.dawn.com/magazines,Magazines - DAWN.COM,Checkout for the Latest and Top News from Pakistan and around the world,checkout for the latest and top news from pakistan and around the world
https://www.dawn.com/tech,Tech - DAWN.COM,Checkout for the Latest and Top News from Pakistan and around the world,checkout for the latest and top news from pakistan and around the world
https://www.dawn.com/videos,Videos - DAWN.COM,Checkout for the Latest and Top News from Pakistan and around the world,checkout for the latest and top news from pakistan and around the world
https://www.dawn.com/popular,Popular - DAWN.COM,Checkout for the Latest and Top News from Pakistan and around the world,checkout for the latest and top news from pakistan and around the world
https://www.dawn.com/newspaper,Archive - DAWN.COM,Checkout for the Latest and Top News from Pakistan and around the world,checkout for the latest and top news from pakistan and around the world
https://www.dawnrelief.com/,Dawn Relief for Floods - DAWN.COM,"We are now gearing up to rebuild devastated settlements with homes, schools and a drinking water supply scheme.",we are now gearing up to rebuild devastated settlements with homes schools and a drinking water supply scheme
https://www.dawn.com/live/elections-2024#1822566,Live Updates: Elections 2024 - DAWN.COM,Live Updates: Elections 2024,live updates elections 
https://www.dawn.com/live/elections-2024#1822564,Live Updates: Elections 2024 - DAWN.COM,Live Updates: Elections 2024,live updates elections 
https://www.dawn.com/live/elections-2024#1822561,Live Updates: Elections 2024 - DAWN.COM,Live Updates: Elections 2024,live updates elections 
https://www.dawn.com/news/1834849/pti-spokesperson-raoof-hasan-injured-in-islamabad-attack,PTI spokesperson Raoof Hasan injured in Islamabad attack - Pakistan - DAWN.COM,"Party says he was attacked outside office of private media channel; Islamabad police say Hasan attacked by transgender persons, as per eyewitnesses.",party says he was attacked outside office of private media channel islamabad police say hasan attacked by transgender persons as per eyewitnesses
https://www.dawn.com/news/1832070/pti-says-dg-isprs-press-conference-full-of-contradictions-devoid-of-rationale,"PTI says DG ISPR’s press conference ‘full of contradictions, devoid of rationale’ - Pakistan - DAWN.COM","Party spokesperson Raoof Hasan says ""venom"" towards his party is not right for the state, society or relationship with institutions.",party spokesperson raoof hasan says venom towards his party is not right for the state society or relationship with institutions
https://www.dawn.com/news/1833668/on-eve-of-imrans-sc-appearance-pti-raises-concerns-about-adiala-jail-security,"On eve of Imran’s SC appearance, PTI raises concerns about Adiala Jail security - Pakistan - DAWN.COM","Raoof Hasan claims meetings with legal counsel, party leaders have been banned ahead of PTI founder’s court-mandated appearance.",raoof hasan claims meetings with legal counsel party leaders have been banned ahead of pti founders courtmandated appearance
https://www.dawn.com/news/1826469/military-establishment-has-no-other-option-but-to-have-dialogue-with-imran-ptis-raoof-hasan,Military establishment has ‘no other option’ but to have dialogue with Imran: PTI’s Raoof Hasan - Pakistan - DAWN.COM,"Says party has an ""open stance"" and is ready to hold talks.",says party has an open stance and is ready to hold talks
https://www.dawn.com/news/1834848/over-80-civil-society-bodies-journalists-reject-draconian-and-regressive-punjab-defamation-bill,"Over 80 civil society bodies, journalists reject ‘draconian and regressive’ Punjab Defamation Bill - Pakistan - DAWN.COM","Call it gross infringement on fundamental rights of freedom of expression, press freedom.",call it gross infringement on fundamental rights of freedom of expression press freedom
https://www.dawn.com/news/1834838/ihcs-justice-kayani-says-agencies-can-only-assist-govt-probes-seeks-clarity-on-operational-methods,"IHC’s Justice Kayani says agencies can only ‘assist’ govt probes, seeks clarity on ‘operational methods’ - Pakistan - DAWN.COM",Praises Attorney General of Pakistan Mansoor Awan for hard work that helped recover missing Baloch students.,praises attorney general of pakistan mansoor awan for hard work that helped recover missing baloch students
https://www.dawn.com/live/gaza-invasion,Live Updates: Gaza invasion - DAWN.COM,Live Updates: Gaza invasion,live updates gaza invasion
https://www.dawn.com/news/1834842/heatwave-sindh-rules-out-early-summer-vacations-for-schools-says-holidays-to-begin-from-june-1,"Heatwave: Sindh rules out early summer vacations for schools, says holidays to begin from June 1 - Pakistan - DAWN.COM",Punjab government has already announced early start of summer vacation from May 25 for all public and private schools.,punjab government has already announced early start of summer vacation from may  for all public and private schools
https://www.dawn.com/news/1834839/singapore-airlines-flight-hits-severe-turbulence-one-passenger-dead-7-critically-injured,"Singapore Airlines flight hits severe turbulence, one passenger dead, 7 critically injured - World - DAWN.COM","Eighteen people have been hospitalised and 12 are being treated in hospitals, Singapore Airlines says.",eighteen people have been hospitalised and  are being treated in hospitals singapore airlines says
https://www.dawn.com/news/1834854/serial-winner-kroos-eyes-two-trophy-finish-to-career,Serial winner Kroos eyes two-trophy finish to career - Sport - DAWN.COM,Euros will be the last time the 2014 World Cup winner takes the field competitively.,euros will be the last time the  world cup winner takes the field competitively
https://www.dawn.com/news/1834821/iranians-pay-last-respects-to-late-president-raisi-killed-in-helicopter-crash,Iranians pay last respects to late president Raisi killed in helicopter crash - World - DAWN.COM,"Mourners walk behind lorry carrying coffins of Raisi and those who died with him, including foreign minister Hossein Amir-Abdollahian.",mourners walk behind lorry carrying coffins of raisi and those who died with him including foreign minister hossein amirabdollahian
https://www.dawn.com/news/1834824/india-shuts-schools-as-temperatures-soar,India shuts schools as temperatures soar - World - DAWN.COM,"Weather bureau has warned of “severe heatwave conditions” this week, with mercury reaching 47.4 degrees Celsius in Najafgarh on Monday.",weather bureau has warned of severe heatwave conditions this week with mercury reaching  degrees celsius in najafgarh on monday
https://www.dawn.com/news/1834715/two-killed-four-injured-in-islamabad-as-car-runs-over-protesters-in-their-sleep,"Two killed, four injured in Islamabad as car runs over protesters in their sleep - Pakistan - DAWN.COM","Case registered against driver, who was arrested after speeding away from ""Save Gaza"" protest.",case registered against driver who was arrested after speeding away from save gaza protest
https://www.youtube.com/c/DawnNewsEnglish,DawnNews English - YouTube,"Infinite News. Instant Insight. Dawn News English - your window into the latest developments, and analysis from across the world. Official Facebook: https://...",infinite news instant insight dawn news english  your window into the latest developments and analysis from across the world official facebook https
https://www.youtube.com/watch?v=ZkhEvPMEqTI,"World Reacts To ICC Seeking Israel, Hamas Arrest Warrants | Dawn News English - YouTube",Reactions pour in as International Criminal Court seeks arrest warrants for top Israeli and Hamas leaders over alleged war crimes. Israeli officials reject c...,reactions pour in as international criminal court seeks arrest warrants for top israeli and hamas leaders over alleged war crimes israeli officials reject c
https://www.youtube.com/watch?v=QMxWV3JQ66k,Order For Arrest Of Israeli Prime Minister | America Statement | Zara Hat Kay | Dawn News - YouTube,Order For Arrest Of Israeli Prime Minister | America Statement | Zara Hat Kay | Dawn Newsÿßÿ≥ÿ±ÿßÿ¶€åŸÑ€å Ÿàÿ≤€åÿ± ÿßÿπÿ∏ŸÖ ⁄©€å ⁄Øÿ±ŸÅÿ™ÿßÿ±€å ⁄©ÿß ÿßÿπŸÑÿßŸÜ ŸÅ€åÿµŸÑ€í Ÿæÿ± ÿßŸÖÿ±€å⁄©ÿß ⁄©ÿß ÿ®€åÿßŸÜ ÿ≥ÿßŸÖŸÜ€í...,order for arrest of israeli prime minister  america statement  zara hat kay  dawn news            
https://www.youtube.com/watch?v=-UuBalBAZJg,World Reacts To Ebrahim Raisi's Death | Dawn News English - YouTube,World leaders have expressed condolences following the death of Iranian President Ebrahim Raisi and other officials in a helicopter crash.China‚Äôs President X...,world leaders have expressed condolences following the death of iranian president ebrahim raisi and other officials in a helicopter crashchinas president x
https://www.youtube.com/watch?v=kMEW_54KBBI,"Exclusive: Amnesty International Sec-Gen Criticises US, Russia For Disregard Of International Law - YouTube",The Universal Declaration of Human Rights and the International Covenant on Civil and Political Rights are very clear; civilians should not be tried by milit...,the universal declaration of human rights and the international covenant on civil and political rights are very clear civilians should not be tried by milit
https://www.youtube.com/watch?v=umGvBHM-fk8,Top Stories: Netanyahu Arrest | Kashmiri Poet Case | Heat Wave | Iran Mourns | Dawn News English - YouTube,ùêÉùêöùê∞ùêß ùêçùêûùê∞ùê¨ ùêÑùêßùê†ùê•ùê¢ùê¨ùê°'ùê¨ ùêìùê®ùê© ùêçùêûùê∞ùê¨ ùêíùê≠ùê®ùê´ùê¢ùêûùê¨ - your ultimate source for staying informed and up to date with the most significant news ...,       your ultimate source for staying informed and up to date with the most significant news 
https://www.youtube.com/watch?v=_YFRfKobWS0,Mohammad Mokhber: Iran's Interim President | Dawn News English - YouTube,"Here are some key facts about Mohammad Mokhber, 68, Iran’s first vice president who, based on the country’s constitution, is expected to become interim presi...",here are some key facts about mohammad mokhber  irans first vice president who based on the countrys constitution is expected to become interim presi
https://www.youtube.com/watch?v=9IXsj6AFCms,Who Was Ebrahim Raisi? | Profile | Iran | Iranian President | Dawn News English - YouTube,"Ebrahim Raisi became president of Iran in June 2021, succeeding the moderate Hassan Rouhani. His tenure has been marked by social unrest and economic difficu...",ebrahim raisi became president of iran in june  succeeding the moderate hassan rouhani his tenure has been marked by social unrest and economic difficu
https://www.youtube.com/watch?v=ZMkbbp_QZGI,Top Stories: Iran President Ebrahim Raisi's Helicopter 'Crashes Upon Landing' | Dawn News English - YouTube,ùêÉùêöùê∞ùêß ùêçùêûùê∞ùê¨ ùêÑùêßùê†ùê•ùê¢ùê¨ùê°'ùê¨ ùêìùê®ùê© ùêçùêûùê∞ùê¨ ùêíùê≠ùê®ùê´ùê¢ùêûùê¨ - your ultimate source for staying informed and up to date with the most significant news ...,       your ultimate source for staying informed and up to date with the most significant news 
https://www.dawn.com/must-read,Must Read - DAWN.COM,Checkout for the Latest and Top News from Pakistan and around the world,checkout for the latest and top news from pakistan and around the world
https://www.dawn.com/news/1832653/explainer-understanding-the-wheat-crisis-in-pakistan,Explainer: Understanding the wheat ‘crisis’ in Pakistan - Business - DAWN.COM,We try to unpack why farmers are protesting and what the government is doing and should do so to address their concerns.,we try to unpack why farmers are protesting and what the government is doing and should do so to address their concerns
https://www.dawn.com/news/1834815/trial-and-punishment-what-do-arrest-warrants-at-the-icc-mean-for-israel-hamas,"Trial and punishment: What do arrest warrants at the ICC mean for Israel, Hamas - World - DAWN.COM","For the first time, an international criminal tribunal is likely to charge a head of state supported by the West.",for the first time an international criminal tribunal is likely to charge a head of state supported by the west
https://www.dawn.com/news/1834783,Iranian tragedy - Newspaper - DAWN.COM,"Due to Iran’s regional and geopolitical influence, the world will be watching the power transition carefully.",due to irans regional and geopolitical influence the world will be watching the power transition carefully
https://images.dawn.com/news/1192458/internet-split-after-learning-amal-clooney-assisted-in-arrest-warrants-sought-for-israeli-hamas-leaders,"Internet split after learning Amal Clooney assisted in arrest warrants sought for Israeli, Hamas leaders - Comment - Images","While some are praising the human rights lawyer and apologising for criticising her silence on Palestine, others are calling her out for 'two side-ism'.",while some are praising the human rights lawyer and apologising for criticising her silence on palestine others are calling her out for two sideism
https://www.dawn.com/news/1834786/suppose-modi-took-a-dna-test,Suppose Modi took a DNA test - Pakistan - DAWN.COM,"South Asia, we are given to understand, is home to one of the most diverse assemblages of people in the world.",south asia we are given to understand is home to one of the most diverse assemblages of people in the world
https://www.dawn.com/news/1834787,Budgeting without people - Newspaper - DAWN.COM,"Even though the economy is a critical issue, discussions about it involve a select few who are not really interested in communicating with the people.",even though the economy is a critical issue discussions about it involve a select few who are not really interested in communicating with the people
https://aurora.dawn.com/news/1145100/zabardasti-ki-baat,Zabardasti Ki Baat - Aurora,"Rather than mirror society, advertising should strive to change it, argues Atiya Zaidi.",rather than mirror society advertising should strive to change it argues atiya zaidi
https://www.dawn.com/news/1834643/esteemed-statesmen-world-mourns-loss-of-iran-president-fm-in-tragic-air-crash,"‘Esteemed statesmen’: World mourns loss of Iran president, FM in ‘tragic’ air crash - World - DAWN.COM","President Zardari mourns ""tragic death"" of Pakistan's ""great friend"" Raisi as Middle East expresses solidarity with Iran in ""difficult time"".",president zardari mourns tragic death of pakistans great friend raisi as middle east expresses solidarity with iran in difficult time
https://www.dawn.com/news/1834766/lai-ching-te-from-coal-miners-son-to-taiwan-president,Lai Ching-te: from coal miner’s son to Taiwan president - World - DAWN.COM,"The 64-year-old pledges to ""defend Taiwan’s democracy"" and ""resist Beijing’s claims on the island"".",the yearold pledges to defend taiwans democracy and resist beijings claims on the island
https://www.dawn.com/news/1834631/who-is-mohammad-mokhber-the-man-set-to-become-irans-interim-president,"Who is Mohammad Mokhber, the man set to become Iran’s interim president? - World - DAWN.COM",Mokhber became first vice president in 2021 when Raisi was elected president.,mokhber became first vice president in  when raisi was elected president
https://aurora.dawn.com/news/1145118,Are Inflation and Brand Boycotts Changing Your Shopping Habits? - Aurora,Help us find out by taking this survey!,help us find out by taking this survey
https://www.dawn.com/news/1834818/vivo-v30e-5g-launched-in-pakistan-with-sleek-design-and-advanced-imaging-capabilities,vivo V30e 5G launched in Pakistan with sleek design and advanced imaging capabilities - Sponsored - DAWN.COM,The design of V30e 5G makes everything from scrolling to gaming feel incredibly smooth.,the design of ve g makes everything from scrolling to gaming feel incredibly smooth
https://www.dawn.com/news/1834635/next-basket-makes-starting-an-online-business-quick-and-easy,Next Basket makes starting an online business quick and easy - Sponsored - DAWN.COM,Selling on the web can be easy too — all you need is a solution that puts all the pieces of the puzzle together.,selling on the web can be easy too  all you need is a solution that puts all the pieces of the puzzle together
https://www.dawn.com/news/1833652/upheaval-in-fruit-park-part-1,Upheaval in Fruit Park (Part 1) - Magazines - DAWN.COM,"Let's find out what Din Din, Delma and Dazel are up to this week.",lets find out what din din delma and dazel are up to this week
https://www.dawn.com/news/1833021,FIFA’S FOUL ON PAKISTAN FOOTBALL - Newspaper - DAWN.COM,Is a franchise system like cricket’s PSL the best way forward? And why is an interim football administration pushing for it?,is a franchise system like crickets psl the best way forward and why is an interim football administration pushing for it
https://www.dawn.com/authors/2505/imran-gabol,News stories for Imran Gabol - DAWN.COM,Checkout for the Latest and Top News from Pakistan and around the world,checkout for the latest and top news from pakistan and around the world
https://www.dawn.com/news/1834565/over-300-return-as-govt-downplays-kyrgyz-unrest,Over 300 return as govt downplays Kyrgyz unrest - World - DAWN.COM,"FM Dar says situation in Bishkek under control, attacks result of a ""misunderstanding""; students say all is not well, hundreds trapped.",fm dar says situation in bishkek under control attacks result of a misunderstanding students say all is not well hundreds trapped
https://www.dawn.com/news/1834787/budgeting-without-people,Budgeting without people - Newspaper - DAWN.COM,"Even though the economy is a critical issue, discussions about it involve a select few who are not really interested in communicating with the people.",even though the economy is a critical issue discussions about it involve a select few who are not really interested in communicating with the people
https://www.dawn.com/authors/57/arifa-noor,News stories for Arifa Noor - DAWN.COM,Checkout for the Latest and Top News from Pakistan and around the world,checkout for the latest and top news from pakistan and around the world
https://www.dawn.com/news/1834783/iranian-tragedy,Iranian tragedy - Newspaper - DAWN.COM,"Due to Iran’s regional and geopolitical influence, the world will be watching the power transition carefully.",due to irans regional and geopolitical influence the world will be watching the power transition carefully
https://www.dawn.com/authors/8829/maleeha-lodhi,News stories for Maleeha Lodhi - DAWN.COM,Checkout for the Latest and Top News from Pakistan and around the world,checkout for the latest and top news from pakistan and around the world
https://www.dawn.com/authors/11060/ahmad-junaid,News stories for Ahmad Junaid - DAWN.COM,Checkout for the Latest and Top News from Pakistan and around the world,checkout for the latest and top news from pakistan and around the world
https://www.dawn.com/news/1834791/independent-directors-for-discos-approved,Independent directors for Discos approved - Business - DAWN.COM,The committee meeting doesn't approve the Ministry of Railways’ proposal to categorise four railway companies as strategic and essential.,the committee meeting doesnt approve the ministry of railways proposal to categorise four railway companies as strategic and essential
https://www.dawn.com/news/1834751/pakistan-turkiye-vow-to-hike-trade-to-5bn,"Pakistan, Turkiye vow to hike trade to $5bn - Pakistan - DAWN.COM","Visiting Turkish FM hold talks with PM, Dar and army chief.",visiting turkish fm hold talks with pm dar and army chief
https://www.dawn.com/news/1834794/banks-invest-record-rs76tr-in-risk-free-govt-papers,Banks invest record Rs7.6tr in risk-free govt papers - Business - DAWN.COM,"Deposits rise 21.3pc, contrasting with 0.7pc fall in advances in July-April.",deposits rise pc contrasting with pc fall in advances in julyapril
https://www.dawn.com/news/1834484/pakistan-basketball-federation-suspends-fines-officials-and-players-for-misconduct,"Pakistan Basketball Federation suspends, fines officials and players for misconduct - Sport - DAWN.COM","Players must submit affidavits committing to not repeat such violations, with the warning that further infractions can lead to lifetime bans.",players must submit affidavits committing to not repeat such violations with the warning that further infractions can lead to lifetime bans
https://www.dawn.com/news/1834769/cohen-acknowledges-stealing-from-trump-at-hush-money-trial,Cohen acknowledges stealing from Trump at hush money trial - World - DAWN.COM,"Says he paid roughly $20,000 of the $50,000 that Trump’s company owed to the 'tech company' in cash, handing it off in a brown paper bag at his office.",says he paid roughly  of the  that trumps company owed to the tech company in cash handing it off in a brown paper bag at his office
https://www.dawn.com/authors/5777/images-staff,News stories for Images Staff - DAWN.COM,Checkout for the Latest and Top News from Pakistan and around the world,checkout for the latest and top news from pakistan and around the world
https://images.dawn.com/news/1192455/renowned-brahvi-poet-mir-ulfat-passes-away,Renowned Brahvi poet Mir Ulfat passes away - Culture - Images,Ulfat had been ill for some time and was being treated at a hospital in Quetta.,ulfat had been ill for some time and was being treated at a hospital in quetta
https://www.dawn.com/authors/10965/shereen-karim,News stories for Shereen Karim - DAWN.COM,Checkout for the Latest and Top News from Pakistan and around the world,checkout for the latest and top news from pakistan and around the world
https://www.dawn.com/authors/262/iftikhar-a-khan,News stories for Iftikhar A. Khan - DAWN.COM,Checkout for the Latest and Top News from Pakistan and around the world,checkout for the latest and top news from pakistan and around the world
https://www.dawn.com/magazines/eos,EOS -Magazines - DAWN.COM,Checkout for the Latest and Top News from Pakistan and around the world,checkout for the latest and top news from pakistan and around the world
https://www.dawn.com/news/1834366/why-the-student-protests-matter,WHY THE STUDENT PROTESTS MATTER - Newspaper - DAWN.COM,Do these protests across US and Europe signal a change in Western grassroots sentiment about Palestine and can they make a difference?,do these protests across us and europe signal a change in western grassroots sentiment about palestine and can they make a difference
https://www.dawn.com/authors/11058/shafaq-sohail,News stories for Shafaq Sohail - DAWN.COM,Checkout for the Latest and Top News from Pakistan and around the world,checkout for the latest and top news from pakistan and around the world
https://www.dawn.com/magazines/icon,ICON -Magazines - DAWN.COM,Checkout for the Latest and Top News from Pakistan and around the world,checkout for the latest and top news from pakistan and around the world
https://www.dawn.com/newspaper/business-finance,Business & Finance -Newspaper - DAWN.COM,Checkout for the Latest and Top News from Pakistan and around the world,checkout for the latest and top news from pakistan and around the world
https://www.dawn.com/news/1834609/enhancing-wheat-storage,Enhancing wheat storage - Business - DAWN.COM,"Improved crop storage capacities could help prevent market glut, stabilise wheat prices and reduce post-harvest losses",improved crop storage capacities could help prevent market glut stabilise wheat prices and reduce postharvest losses
https://www.dawn.com/news/1834606/trumps-deal-rebirth-of-the-fossil-fuel-industry,Trump’s deal — rebirth of the fossil fuel industry - Business - DAWN.COM,"Plans of reversing US net-zero and clean energy policies could have far-reaching effects on global oil production, setting back sustainable energy efforts by a lot.",plans of reversing us netzero and clean energy policies could have farreaching effects on global oil production setting back sustainable energy efforts by a lot
https://www.dawn.com/magazines/young-world,Young World -Magazines - DAWN.COM,Checkout for the Latest and Top News from Pakistan and around the world,checkout for the latest and top news from pakistan and around the world
https://www.chinadaily.com.cn/a/202405/21/WS664c0d2fa31082fc043c8472.html,NCPA International Opera Film Exhibition unveils dazzling lineup - Chinadaily.com.cn,"The 2024 NCPA International Opera Film Exhibition is set to captivate audiences from May 20 to July 31, offering a cinematic extravaganza that spans 24 Chinese cities, including Beijing, Shanghai, Guangzhou, and Shenzhen, with 300 screening venues illuminating the cultural landscape of China. Moreover, the event will extend its reach to over 20 universities, hosting 30 special screenings to engage and inspire the younger generation with the enchanting world of opera cinema.",the  ncpa international opera film exhibition is set to captivate audiences from may  to july  offering a cinematic extravaganza that spans  chinese cities including beijing shanghai guangzhou and shenzhen with  screening venues illuminating the cultural landscape of china moreover the event will extend its reach to over  universities hosting  special screenings to engage and inspire the younger generation with the enchanting world of opera cinema
https://www.chinadaily.com.cn/a/202405/21/WS664bfe7ca31082fc043c83a9.html,Politics over pragmatism - Chinadaily.com.cn,Politics over pragmatism,politics over pragmatism
https://asianews.network/, Asia News Network - Bringing Asia CloserAsia News Network – Bringing Asia Closer,"Asia News Network is the leading regional alliance of news titles striving to bring the region closer, through an active sharing of editorial content on happenings in the region.",asia news network is the leading regional alliance of news titles striving to bring the region closer through an active sharing of editorial content on happenings in the region
https://www.compunode.com/,Compunode,Advance Software and Publishing Solutions in EMEA and globally.,advance software and publishing solutions in emea and globally
https://whatsapp.com/channel/0029VaMc238IiRov8okfYy3n,‏‎Dawn.com‎‏ | WhatsApp چینل,"‏‎Dawn.com‎‏ WhatsApp چینل۔ channel‏‎Get your news from across Pakistan, South Asia and the world from the voice you trust.‎‏۔ ‏8.7 لاکھ‏ فالوورز",dawncom whatsapp  channelget your news from across pakistan south asia and the world from the voice you trust   
https://www.facebook.com/dawndotcom,Dawn.com,"‏‎Dawn.com‎‏۔ ‏‏2,510,558‏ لائکس · ‏26,567‏ اس بارے بات کر رہے ہیں‏۔ ‏‎Your window to latest news, analysis and features from Pakistan, South Asia and...",dawncom           your window to latest news analysis and features from pakistan south asia and
https://www.instagram.com/dawn.today/,Dawn Today (@dawn.today) • Instagram photos and videos,"709K Followers, 32 Following, 55K Posts - See Instagram photos and videos from Dawn Today (@dawn.today)",k followers  following k posts  see instagram photos and videos from dawn today dawntoday
https://itunes.apple.com/pk/app/dawn-official-mobile-app/id935631940,"
      ‎Dawn - Official Mobile App on the App Store
    ","Read reviews, compare customer ratings, see screenshots and learn more about Dawn - Official Mobile App. Download Dawn - Official Mobile App and enjoy it on your iPhone, iPad and iPod touch.",read reviews compare customer ratings see screenshots and learn more about dawn  official mobile app download dawn  official mobile app and enjoy it on your iphone ipad and ipod touch
https://play.google.com/store/apps/details?id=com.mictronicx.dawn,Dawn - Official Mobile App - Apps on Google Play,The latest news from Pakistan and the world is at your fingertips.,the latest news from pakistan and the world is at your fingertips
https://classifieds.dawn.com,Dawn Classifieds,Classifieds advertisement Real Estate Business Automobiles  Careers Jobs Recruitment Islamabd Karachi Lahore Pakistan cars power price toyota suzuki,classifieds advertisement real estate business automobiles  careers jobs recruitment islamabd karachi lahore pakistan cars power price toyota suzuki
https://www.dawn.com/stocks,Stocks - Business - DAWN.COM,Checkout for the Latest and Top News from Pakistan and around the world,checkout for the latest and top news from pakistan and around the world
https://www.dawnnews.tv/,Home - Dawnnews,"Visit dawnnews.tv for latest news, breaking news in Urdu today from Pakistan, world, life & style, business, sports, health and analysis.",visit dawnnewstv for latest news breaking news in urdu today from pakistan world life  style business sports health and analysis
https://www.youtube.com/channel/UCkMdI0K-74jAjOmh5J5H97Q,Teeli - YouTube,"Web series, comedy sketches and social satire for South Asia's youth.",web series comedy sketches and social satire for south asias youth
https://www.bbc.com/,"BBC Home - Breaking News, World News, US News, Sports, Business, Innovation, Climate, Culture, Travel, Video & Audio","Visit BBC for trusted reporting on the latest world and US news, sports, business, climate, innovation, culture and much more.",visit bbc for trusted reporting on the latest world and us news sports business climate innovation culture and much more
https://www.bbc.com/news,Home - BBC News,"Visit BBC News for up-to-the-minute news, breaking news, video, audio and feature stories. BBC News provides trusted World and UK news as well as local and regional perspectives. Also entertainment, business, science, technology and health news.",visit bbc news for uptotheminute news breaking news video audio and feature stories bbc news provides trusted world and uk news as well as local and regional perspectives also entertainment business science technology and health news
https://www.bbc.com/sport,"BBC Sport - Scores, Fixtures, News - Live Sport","Sports news and live sports coverage including scores, results, video, audio and analysis on Football, F1, Cricket, Rugby Union and all other UK sports.",sports news and live sports coverage including scores results video audio and analysis on football f cricket rugby union and all other uk sports
https://www.bbc.com/business,"BBC Business | Economy, Tech, AI, Work, Personal Finance, Market news","BBC Business brings you the latest in Business news and coverage from around the world, including tech, personal finance, companies, employment, the economy and more",bbc business brings you the latest in business news and coverage from around the world including tech personal finance companies employment the economy and more
https://www.bbc.com/innovation,"BBC Innovation | Technology, Health, Environment, AI","BBC Innovation brings you the latest in Technology news and coverage from around the world, including health, environment, AI, and more",bbc innovation brings you the latest in technology news and coverage from around the world including health environment ai and more
https://www.bbc.com/culture,"BBC Culture | Arts, Film & TV, Reviews, Books, Music, Style","BBC Culture brings you the latest in Arts and Culture news and coverage from around the world, including film and TV reviews, books, art, music, style and more",bbc culture brings you the latest in arts and culture news and coverage from around the world including film and tv reviews books art music style and more
https://www.bbc.com/travel,"BBC Travel | Food & drink, History, Destinations, Road trips","BBC Travel brings you the latest travel news and coverage from around the world, including culture, identity, food & drink, sustainability, adventure, experiences, destinations and more",bbc travel brings you the latest travel news and coverage from around the world including culture identity food  drink sustainability adventure experiences destinations and more
https://www.bbc.com/future-planet,"BBC Earth | Environment, Climate Change, AI, Food, Health, Social, & Technology","As we face the world’s greatest environmental challenges, BBC Earth brings you solutions in psychology, food, climate change, health, social trends, and technology that can make the world a more sustainable place.",as we face the worlds greatest environmental challenges bbc earth brings you solutions in psychology food climate change health social trends and technology that can make the world a more sustainable place
https://www.bbc.com/video,BBC Video - World class video news and storytelling from around the world.,Watch some of the award winning video journalism and features from the BBC,watch some of the award winning video journalism and features from the bbc
https://www.bbc.com/live,BBC Live & Breaking World and U.S. News,Live journalism from around the world,live journalism from around the world
https://www.bbc.com/home,BBC - Home,"The best of the BBC, with the latest news and sport headlines, weather, TV & radio highlights and much more from across the whole of BBC Online.",the best of the bbc with the latest news and sport headlines weather tv  radio highlights and much more from across the whole of bbc online
https://www.bbc.com/news/topics/c2vdnvdg6xxt,Israel Gaza war | Latest News & Updates | BBC News,"Follow the latest news on the Israel Gaza war. Get live updates, maps, verified video reports and expert analysis from BBC journalists on the ground.",follow the latest news on the israel gaza war get live updates maps verified video reports and expert analysis from bbc journalists on the ground
https://www.bbc.com/news/war-in-ukraine,Ukraine War | Latest News & Updates| BBC News,"Follow the latest news about the Russia Ukraine war. Find reports from the ground, verified videos, maps and expert analysis by BBC correspondents across the world.",follow the latest news about the russia ukraine war find reports from the ground verified videos maps and expert analysis by bbc correspondents across the world
https://www.bbc.com/news/us-canada,US & Canada | Latest News & Updates | BBC News,"Get all the latest news, live updates and content about the US & Canada from across the BBC.",get all the latest news live updates and content about the us  canada from across the bbc
https://www.bbc.com/news/uk,UK | Latest News & Updates | BBC News,"Get all the latest news, live updates and content about the UK from across the BBC.",get all the latest news live updates and content about the uk from across the bbc
https://www.bbc.com/news/politics,Politics | Latest News & Updates | BBC News,"Get all the latest news, live updates and content about Politics from across the BBC.",get all the latest news live updates and content about politics from across the bbc
https://www.bbc.com/news/england,England | Latest News & Updates | BBC News,"Get all the latest news, live updates and content about England from across the BBC.",get all the latest news live updates and content about england from across the bbc
https://www.bbc.com/news/northern_ireland,Northern Ireland | Latest News & Updates | BBC News,"Get all the latest news, live updates and content about Northern Ireland from across the BBC.",get all the latest news live updates and content about northern ireland from across the bbc
https://www.bbc.com/news/northern_ireland/northern_ireland_politics,Northern Ireland Politics | Latest News & Updates | BBC News,"Get all the latest news, live updates and content about Northern Ireland Politics from across the BBC.",get all the latest news live updates and content about northern ireland politics from across the bbc
https://www.bbc.com/news/scotland,Scotland | Latest News & Updates | BBC News,"Get all the latest news, live updates and content about the Scotland from across the BBC.",get all the latest news live updates and content about the scotland from across the bbc
https://www.bbc.com/news/scotland/scotland_politics,Scotland Politics | Latest News & Updates | BBC News,"Get all the latest news, live updates and content about Scotland Politics from across the BBC.",get all the latest news live updates and content about scotland politics from across the bbc
https://www.bbc.com/news/wales,Wales | Latest News & Updates | BBC News,"Get all the latest news, live updates and content about Wales from across the BBC.",get all the latest news live updates and content about wales from across the bbc
https://www.bbc.com/news/wales/wales_politics,Wales Politics | Latest News & Updates | BBC News,"Get all the latest news, live updates and content about Welsh Politics from across the BBC.",get all the latest news live updates and content about welsh politics from across the bbc
https://www.bbc.com/news/world/africa,Africa | Latest News & Updates | BBC News,"Get all the latest news, live updates and content about Africa from across the BBC.",get all the latest news live updates and content about africa from across the bbc
https://www.bbc.com/news/world/asia,Asia | Latest News & Updates | BBC News,"Get all the latest news, live updates and content about Asia from across the BBC.",get all the latest news live updates and content about asia from across the bbc
https://www.bbc.com/news/world/asia/china,China | Latest News & Updates | BBC News,"Get all the latest news, live updates and content about China from across the BBC.",get all the latest news live updates and content about china from across the bbc
https://www.bbc.com/news/world/asia/india,India | Latest News & Updates | BBC News,"Get all the latest news, live updates and content about India from across the BBC.",get all the latest news live updates and content about india from across the bbc
https://www.bbc.com/news/world/australia,Australia | Latest News & Updates | BBC News,"Get all the latest news, live updates and content about Australia from across the BBC.",get all the latest news live updates and content about australia from across the bbc
https://www.bbc.com/news/world/europe,Europe | Latest News & Updates | BBC News,"Get all the latest news, live updates and content about Europe from across the BBC.",get all the latest news live updates and content about europe from across the bbc
https://www.bbc.com/news/world/latin_america,Latin America | Latest News & Updates | BBC News,"Get all the latest news, live updates and content about Latin America from across the BBC.",get all the latest news live updates and content about latin america from across the bbc
https://www.bbc.com/news/world/middle_east,Middle East | Latest News & Updates | BBC News,"Get all the latest news, live updates and content about the Middle East from across the BBC.",get all the latest news live updates and content about the middle east from across the bbc
https://www.bbc.com/news/in_pictures,In Pictures | Latest News & Updates | BBC News,"Get all the latest news, live updates and content about In Pictures from across the BBC.",get all the latest news live updates and content about in pictures from across the bbc
https://www.bbc.com/news/reality_check,BBC Verify | Latest News & Updates | BBC News,"Get all the latest news, live updates and content about BBC Verify from across the BBC.",get all the latest news live updates and content about bbc verify from across the bbc
https://www.bbc.com/business/future-of-business,BBC Business | Future of Business,"BBC Business brings you the latest news and coverage exploring the future of business from around the world, from digital disruption to the landscape of business advancement, growth, and sustainability",bbc business brings you the latest news and coverage exploring the future of business from around the world from digital disruption to the landscape of business advancement growth and sustainability
https://www.bbc.com/business/technology-of-business,Technology of Business | Latest News & Updates | BBC News,"Get all the latest news, live updates and content about Technology of Business from across the BBC.",get all the latest news live updates and content about technology of business from across the bbc
https://www.bbc.com/business/c-suite,BBC Business | Work Culture,BBC Business brings you the latest news and global analysis for business leaders today – from trending news stories with a global perspective to insights from thought leaders around the world.,bbc business brings you the latest news and global analysis for business leaders today  from trending news stories with a global perspective to insights from thought leaders around the world
https://www.bbc.com/innovation/technology,BBC Innovation | Technology,BBC Innovation brings you the latest in Technology news and coverage from around the world,bbc innovation brings you the latest in technology news and coverage from around the world
https://www.bbc.com/innovation/science,BBC Innovation | Science & Health,BBC Innovation brings you the latest in Science and health news and coverage from around the world,bbc innovation brings you the latest in science and health news and coverage from around the world
https://www.bbc.com/innovation/artificial-intelligence,BBC Innovation | Artificial Intelligence,BBC Innovation brings you the latest in Technology news and coverage from around the world,bbc innovation brings you the latest in technology news and coverage from around the world
https://www.bbc.com/culture/film-tv,BBC Culture | Film & TV,BBC Culture brings you the latest film & TV news and coverage from around the world,bbc culture brings you the latest film  tv news and coverage from around the world
https://www.bbc.com/culture/music,BBC Culture | Music,BBC Culture brings you the latest music news and coverage from around the world,bbc culture brings you the latest music news and coverage from around the world
https://www.bbc.com/culture/art,BBC Culture | Art & Design,BBC Culture brings you the latest art and design news and coverage from around the world,bbc culture brings you the latest art and design news and coverage from around the world
https://www.bbc.com/culture/style,BBC Culture | Style,BBC Culture brings you the latest style news and coverage from around the world,bbc culture brings you the latest style news and coverage from around the world
https://www.bbc.com/culture/books,BBC Culture | Books,BBC Culture brings you the latest books news and coverage from around the world,bbc culture brings you the latest books news and coverage from around the world
https://www.bbc.com/culture/entertainment-news,Entertainment & Arts | Latest News & Updates | BBC News,"Get all the latest news, live updates and content about Entertainment & Arts from across the BBC.",get all the latest news live updates and content about entertainment  arts from across the bbc
https://www.bbc.com/travel/destinations,BBC Travel | Destinations,BBC Travel brings you the latest Destination guides from around the world,bbc travel brings you the latest destination guides from around the world
https://www.bbc.com/travel/destinations/africa,BBC Travel | Destinations | Africa,BBC Travel brings you the latest articles and guides to Africa,bbc travel brings you the latest articles and guides to africa
https://www.bbc.com/travel/destinations/antarctica,BBC Travel | Destinations | Antarctica,BBC Travel brings you the latest articles and guides to Antarctica,bbc travel brings you the latest articles and guides to antarctica
https://www.bbc.com/travel/destinations/asia,BBC Travel | Destinations | Asia,BBC Travel brings you the latest articles and guides to Asia,bbc travel brings you the latest articles and guides to asia
https://www.bbc.com/travel/destinations/australia-and-pacific,BBC Travel | Destinations | Australia and Pacific,BBC Travel brings you the latest articles and guides to Australia and Pacific,bbc travel brings you the latest articles and guides to australia and pacific
https://www.bbc.com/travel/destinations/caribbean,BBC Travel | Destinations | Caribbean & Bermuda,BBC Travel brings you the latest articles and guides to the Caribbean & Bermuda,bbc travel brings you the latest articles and guides to the caribbean  bermuda
https://www.bbc.com/travel/destinations/central-america,BBC Travel | Destinations | Central America,BBC Travel brings you the latest articles and guides to Central America,bbc travel brings you the latest articles and guides to central america
https://www.bbc.com/travel/destinations/europe,BBC Travel | Destinations | Europe,BBC Travel brings you the latest articles and guides to Europe,bbc travel brings you the latest articles and guides to europe
https://www.bbc.com/travel/destinations/middle-east,BBC Travel | Destinations | Middle East,BBC Travel brings you the latest articles and guides to the Middle East,bbc travel brings you the latest articles and guides to the middle east
https://www.bbc.com/travel/destinations/north-america,BBC Travel | Destinations | North America,BBC Travel brings you the latest articles and guides to North America,bbc travel brings you the latest articles and guides to north america
https://www.bbc.com/travel/destinations/south-america,BBC Travel | Destinations | South America,BBC Travel brings you the latest articles and guides to South America,bbc travel brings you the latest articles and guides to south america
https://www.bbc.com/travel/worlds-table,BBC Travel | Worlds Table,"BBC Travel Worlds Table series is changing the way the world thinks about food, through the past, present and future.",bbc travel worlds table series is changing the way the world thinks about food through the past present and future
https://www.bbc.com/travel/cultural-experiences,BBC Travel | Culture & Experiences,BBC Travel brings you the latest Culture & Experiences coverage from around the world,bbc travel brings you the latest culture  experiences coverage from around the world
https://www.bbc.com/travel/adventures,BBC Travel | Adventures,BBC Travel brings you the latest Adventure Travel coverage from around the world,bbc travel brings you the latest adventure travel coverage from around the world
https://www.bbc.com/travel/specialist,BBC Travel | The SpecialList,The SpecialList series helps you see the world through the eyes of local experts and tastemakers in guides to the most popular and emerging destinations across the globe,the speciallist series helps you see the world through the eyes of local experts and tastemakers in guides to the most popular and emerging destinations across the globe
https://www.bbc.com/future-planet/natural-wonders,BBC Earth | Natural Wonders,BBC Earth brings you the latest coverage of Natural Wonders from around the world,bbc earth brings you the latest coverage of natural wonders from around the world
https://www.bbc.com/future-planet/weather-science,BBC Earth | Weather & Science,BBC Earth brings you the latest Weather and Science solutions coverage from around the world,bbc earth brings you the latest weather and science solutions coverage from around the world
https://www.bbc.com/future-planet/solutions,BBC Earth | Climate Solutions,BBC Earth brings you the latest Climate solutions coverage from around the world,bbc earth brings you the latest climate solutions coverage from around the world
https://www.bbc.com/future-planet/sustainable-business,BBC Earth | Sustainable Business,BBC Earth brings you the latest Sustainable Business coverage from around the world,bbc earth brings you the latest sustainable business coverage from around the world
https://www.bbc.com/future-planet/green-living,BBC Earth | Green Living,BBC Earth brings you the latest Green Living coverage from around the world,bbc earth brings you the latest green living coverage from around the world
https://www.bbc.com/live/news,BBC Live & Breaking World and U.S. News,Live News journalism from around the world,live news journalism from around the world
https://www.bbc.com/live/sport,BBC Live & Breaking World and U.S. Sport News,Live Sport journalism from around the world,live sport journalism from around the world
https://www.bbc.co.uk/sounds?src_origin=BBCS_BBC,BBC Sounds - Music. Radio. Podcasts,"Listen without limits, with BBC Sounds. Catch the latest music tracks, discover binge-worthy podcasts, or listen to radio shows - all whenever you want.",listen without limits with bbc sounds catch the latest music tracks discover bingeworthy podcasts or listen to radio shows  all whenever you want
https://www.bbc.com/weather,BBC Weather - Home,"Latest weather conditions and forecasts for the UK and the world. Includes up to 14-days of hourly forecast information, warnings, maps, and the latest editorial analysis and videos from the BBC Weather Centre.",latest weather conditions and forecasts for the uk and the world includes up to days of hourly forecast information warnings maps and the latest editorial analysis and videos from the bbc weather centre
https://www.bbc.com/news/articles/cw4490z75v3o,"What ICC arrest warrants mean for Israel, Benjamin Netanyahu and Hamas",The Israeli and Hamas leaders are suspected of committing war crimes during the continuing war in Gaza.,the israeli and hamas leaders are suspected of committing war crimes during the continuing war in gaza
https://www.bbc.com/news/live/world-69044396?src_origin=BBCS_BBC,"Singapore Airlines flight live: British man, 73, dies during severe turbulence on London-Singapore flight - BBC News","Authorities say the man ""likely"" died of a heart attack; seven others are critically injured.",authorities say the man likely died of a heart attack seven others are critically injured
https://www.bbc.com/news/articles/crgygdr7vezo,"Gaza detainees shackled, blindfolded and in nappies at Israel hospital","Allegations centre on a military hospital where, a whistle-blower said, painkillers were ""routinely"" not used in procedures.",allegations centre on a military hospital where a whistleblower said painkillers were routinely not used in procedures
https://www.bbc.com/news/live/world-us-canada-69028137?src_origin=BBCS_BBC,Trump trial live: Defence team rests in hush-money trial - BBC News,The former president will not testify in the historic criminal trial in New York.,the former president will not testify in the historic criminal trial in new york
https://www.bbc.com/news/articles/cgrrky897k0o,Mount Fuji: Japan blocks iconic view to deter tourists,A big barrier is erected as local residents accuse tourists of dropping litter and parking illegally.,a big barrier is erected as local residents accuse tourists of dropping litter and parking illegally
https://www.bbc.com/news/articles/crgg5pne2nno,Elvis Presley's granddaughter Riley Keough fights Graceland sale,Actress Riley Keough claims a company trying to sell the estate forged her mother's signature.,actress riley keough claims a company trying to sell the estate forged her mothers signature
https://www.bbc.com/news/articles/cxwwydey489o,Ebrahim Raisi: Thousands on street for Iran president's funeral,"Mourners waved Iranian flags and portraits of the late president, who will be buried on Thursday.",mourners waved iranian flags and portraits of the late president who will be buried on thursday
https://www.bbc.com/future/article/20240521-what-happens-when-you-stop-taking-ozempic,What happens when you stop taking weight-loss drugs?,"Weight-suppressant drugs have helped millions to lose weight. But once they're stopped, people tend to regain most of what they shed. What does this mean for their long-term health?",weightsuppressant drugs have helped millions to lose weight but once theyre stopped people tend to regain most of what they shed what does this mean for their longterm health
https://www.bbc.com/culture/article/20240521-the-apprentice-review-sebastian-stan-is-excellent-as-a-young-donald-trump,The Apprentice review: Sebastian Stan is 'excellent' as a young Donald Trump,"With Sebastian Stan as the young Donald Trump and Jeremy Strong as his notoriously vicious mentor, The Apprentice is part ""compellingly cynical buddy movie"", part conventional biopic.",with sebastian stan as the young donald trump and jeremy strong as his notoriously vicious mentor the apprentice is part compellingly cynical buddy movie part conventional biopic
https://www.bbc.com/news/videos/cmjj8gp5xxlo,Singapore Airlines: Injured passenger carried off flight,"A passenger injured by severe turbulence is carried off flight SQ321 at Bangkok airport.
","a passenger injured by severe turbulence is carried off flight sq at bangkok airport
"
https://www.bbc.com/news/world-asia-india-69041893,The many colours of India’s election campaigns,"India's general election, the world's largest democratic exercise, is a long, colourful and visual affair.",indias general election the worlds largest democratic exercise is a long colourful and visual affair
https://www.bbc.com/news/articles/c988v2xl7zwo,Spain recalls Argentina ambassador in Milei insult row,"Spain ""definitively"" recalls its ambassador to Argentina, in an escalating row with President Javier Milei.",spain definitively recalls its ambassador to argentina in an escalating row with president javier milei
https://www.bbc.com/news/articles/c0wwp2d0gd4o,West Bank: Seven Palestinians killed during Israeli raid in Jenin,The Palestinian health ministry says those killed include a doctor who was on his way to work.,the palestinian health ministry says those killed include a doctor who was on his way to work
https://www.bbc.com/news/articles/c255njzzx2lo,Greek court throws out shipwreck trial against nine Egyptians,The judges ruled they had no jurisdiction to hear the case as the boat sank in international waters.,the judges ruled they had no jurisdiction to hear the case as the boat sank in international waters
https://www.bbc.com/sport/football/69041706,Sam Kerr: Australia & Chelsea striker ruled out of Paris Olympics - BBC Sport,Australia striker Sam Kerr is ruled out of the Olympics after injuring her anterior cruciate ligament n January.,australia striker sam kerr is ruled out of the olympics after injuring her anterior cruciate ligament n january
https://www.bbc.com/news/articles/cxeem15rkn9o,Macron to fly to New Caledonia after French island hit by riots ,Macron held a defence council on the New Caledonia situation at the Elysee Palace in Paris on Monday ,macron held a defence council on the new caledonia situation at the elysee palace in paris on monday 
https://www.bbc.com/news/world-us-canada-69004634,Trump trial: Cohen says he stole and a witness angers the judge,The prosecution rested its case on Monday and the defence called two witnesses - then Judge Merchan cleared the room.,the prosecution rested its case on monday and the defence called two witnesses  then judge merchan cleared the room
https://www.bbc.com/news/articles/ceddwgd9n3eo,Asian hornets: How to spot them and how to treat a sting,The buzz over a record number of reported sightings last year has prompted warnings this summer.,the buzz over a record number of reported sightings last year has prompted warnings this summer
https://www.bbc.com/news/world-us-canada-69041446,"Decades after training, 90-year-old finally goes to space on Blue Origin flight",Ed Dwight was the first black astronaut candidate in 1961 - but was never picked for a Nasa mission.,ed dwight was the first black astronaut candidate in   but was never picked for a nasa mission
https://www.bbc.com/news/articles/ce991l6918do,Iran: Mourners gather around President Raisi's funeral casket,Thousands of people are gathering in the city of Tabiz to mourn the victim's of Sunday's helicopter crash.,thousands of people are gathering in the city of tabiz to mourn the victims of sundays helicopter crash
https://www.bbc.com/reel/video/p0hz7bgl/the-celebrity-dogs-of-cannes,The celebrity dogs of Cannes,"Messi has been a big star on the red carpet, eclipsing Meryl Streep. But who will win the Palm Dog this year?",messi has been a big star on the red carpet eclipsing meryl streep but who will win the palm dog this year
https://www.bbc.com/culture/article/20240520-horizon-an-american-saga-review-kevin-costners-western-is-a-numbingly-long-incoherent-disas-ter,"Horizon: An American Saga review: Kevin Costner's Western is a numbingly long, incoherent disaster","The first film in the actor-director's planned four-part passion project is baffling – like a three-hour pilot episode for a TV show, with half-formed characters and no structure.",the first film in the actordirectors planned fourpart passion project is baffling  like a threehour pilot episode for a tv show with halfformed characters and no structure
https://www.bbc.com/culture/article/20240518-kinds-of-kindness-cannes-film-festival-review-emma-stone-jesse-plemons-yogos-lanthimos,Kinds of Kindness review: 'Almost unbearable cruelty' in Emma Stone's wacky black comedy,"Emma Stone, Jesse Plemons, and Margaret Qualley star in Kinds of Kindness, which premiered at the Cannes Film Festival. Its comic sketches are dark – and disturbing.",emma stone jesse plemons and margaret qualley star in kinds of kindness which premiered at the cannes film festival its comic sketches are dark  and disturbing
https://www.bbc.com/future/article/20240516-a-vulture-road-trip-to-save-them-from-extinction,A vulture road trip to save them from extinction,Vultures can fly for hundreds of thousands of kilometres. But 163 vultures recently made an epic 1050-km (650-mile) journey by road – the largest ever translocation of vultures.,vultures can fly for hundreds of thousands of kilometres but  vultures recently made an epic km mile journey by road  the largest ever translocation of vultures
https://www.bbc.com/travel/article/20240521-the-remote-argentinean-community-that-is-saving-the-stars,The remote Argentinean community that is saving the stars,"In the jungle of Misiones, Argentina's northern green thumb, one Indigenous community is working to save their ancient knowledge of the night sky.",in the jungle of misiones argentinas northern green thumb one indigenous community is working to save their ancient knowledge of the night sky
https://www.bbc.com/news/articles/cz55mj18106o,Brothers proud of killed Cornwall aid worker's legacy,"The brothers of James ""Jim"" Henderson say their brother ""achieved so much in his lifetime"".",the brothers of james jim henderson say their brother achieved so much in his lifetime
https://www.bbc.com/news/articles/c9eev88xy59o,Gaza war: Israel's defence minister rejects ICC warrant requests,"Yoav Gallant accuses the prosecutor of drawing a ""despicable"" parallel between Israel and Hamas.",yoav gallant accuses the prosecutor of drawing a despicable parallel between israel and hamas
https://www.bbc.com/news/articles/cmllykpwgdyo,ICC: Netanyahu angrily rejects move to seek his arrest,"Israel's prime minister lambasts the ICC, saying it has compared Israel to ""mass murderers"".",israels prime minister lambasts the icc saying it has compared israel to mass murderers
https://www.bbc.com/news/articles/cx88lve88wyo,Thousands flee Russian offensive in Kharkiv region,"Fighting around Ukraine’s second largest city has so far displaced around 14,000 people.",fighting around ukraines second largest city has so far displaced around  people
https://www.bbc.com/news/articles/cw449e92lpxo,Ukrainian cancer survivor holds Washington art exhibition,Lena Archbold hopes the exhibition will raise money for her home country and help friends still there. ,lena archbold hopes the exhibition will raise money for her home country and help friends still there 
https://www.bbc.com/news/articles/clmml2xp2n5o,Londoners donate 110 non-compliant Ulez vehicles for Ukraine aid,Vehicles that do not meet Ulez emission rules can be donated to Ukraine instead of being scrapped.,vehicles that do not meet ulez emission rules can be donated to ukraine instead of being scrapped
https://www.bbc.com/news/articles/cn007p39zdzo,Ukraine's Zelensky stays in power despite term expiring,Martial law and a desire for stability keeps the Ukrainian leader in power without new elections.,martial law and a desire for stability keeps the ukrainian leader in power without new elections
https://www.bbc.com/news/world-us-canada-69041447,Timelapse videos capture Baltimore bridge wreckage removal,Footage recorded over weeks depicts the massive clearing effort and the moment cargo ship Dali was moved.,footage recorded over weeks depicts the massive clearing effort and the moment cargo ship dali was moved
https://www.bbc.com/news/world-us-canada-61084161,A guide to Donald Trump's four criminal cases,The former president is juggling potentially explosive legal battles with campaigning for the White House.,the former president is juggling potentially explosive legal battles with campaigning for the white house
https://www.bbc.com/news/world-us-canada-69044111,"Trump allies, including Rudy Giuliani, to be arraigned in fake elector scheme",Arizona is the fourth US state to charge Trump allies for allegedly trying to overturn election results.,arizona is the fourth us state to charge trump allies for allegedly trying to overturn election results
https://www.bbc.com/news/articles/clll2epyd4jo,Alaska moose kills man trying to photograph its newborn calves,Dale Chorman and a friend went in search of a cow moose and its two newborn calves on his property.,dale chorman and a friend went in search of a cow moose and its two newborn calves on his property
https://www.bbc.com/news/articles/c8889d7x8j4o,Singapore Airlines: Passengers recall horror as turbulence hit flight,"One person has died, with several injured, after severe turbulence on a London to Singapore flight.",one person has died with several injured after severe turbulence on a london to singapore flight
https://www.bbc.com/news/articles/cv2237rplg8o,"BMW, Jaguar and VW imported banned Xinjiang parts - Senate probe",The car makers used parts made by a supplier banned over alleged links to Chinese forced labour.,the car makers used parts made by a supplier banned over alleged links to chinese forced labour
https://www.bbc.com/news/articles/cv22xjw7d9po,"Philippines: Mayor Alice Guo says she is a love child, not China spy",Alice Guo insists she is a Philippine citizen in the face of weeks of criticism.,alice guo insists she is a philippine citizen in the face of weeks of criticism
https://www.bbc.com/reel/video/p0hxbksd/astronaut-peggy-whitson-how-space-changed-my-body,Astronaut Peggy Whitson: How space changed my body,"Peggy Whitson has spent 675 days in space, more than any other American. Here's how it affected her body.",peggy whitson has spent  days in space more than any other american heres how it affected her body
https://www.bbc.com/news/articles/crgg821ezz8o,New Caledonia: Australia and New Zealand send evacuation flights amid unrest,The French Pacific territory's airport has been closed since deadly unrest erupted last week. ,the french pacific territorys airport has been closed since deadly unrest erupted last week 
https://www.bbc.com/sport/cricket/articles/cne93vemvreo,"T20 World Cup 2024: Full squads including England, India & Australia - BBC Sport",Look at who each of the 20 teams involved in the 2024 Men's T20 World Cup have named in their squads. ,look at who each of the  teams involved in the  mens t world cup have named in their squads 
https://www.bbc.com/news/business-68936973,Post Office: Fujitsu sacked top boss at height of Horizon scandal,"Global president Rod Vawdrey then returned to Australia and made millions in a ""train wreck"" float.",global president rod vawdrey then returned to australia and made millions in a train wreck float
https://www.bbc.com/sport/cricket/articles/cp0g0g64mpdo,Marnus Labuschagne: 'England can cope without James Anderson and Stuart Broad' - BBC Sport,Australia batter Marnus Labuschagne believes England can cope without the experience of James Anderson and Stuart Board.,australia batter marnus labuschagne believes england can cope without the experience of james anderson and stuart board
https://www.bbc.com/news/articles/c3ggk2erkkvo,Prince Harry loses court bid to name Rupert Murdoch in hacking claim,"But the Duke of Sussex was granted permission to alter his case to include further accusations against journalists and private investigators.

","but the duke of sussex was granted permission to alter his case to include further accusations against journalists and private investigators

"
https://www.bbc.com/news/uk-politics-69043611,Move to extend police protest powers ruled unlawful,The High Court has ruled the Home Office acted outside of its powers in laws passed last year.,the high court has ruled the home office acted outside of its powers in laws passed last year
https://www.bbc.com/news/uk-66775985,How dangerous are XL bullies and how does the ban work?,"Rules restricting ownership of American XL bully dogs are in force in England, Wales and Scotland.",rules restricting ownership of american xl bully dogs are in force in england wales and scotland
https://www.bbc.com/news/explainers-51047186,"Why did Harry and Meghan leave the Royal Family, and where do they get their money?",The Duke and Duchess of Sussex are not funded by the Royal Family and have various commercial deals.,the duke and duchess of sussex are not funded by the royal family and have various commercial deals
https://www.bbc.com/news/articles/crggd31ldkgo,"Mozambique health workers strike: Hundreds of patients dying, says union","Health workers are striking because they face such dire conditions, the union says.",health workers are striking because they face such dire conditions the union says
https://www.bbc.com/news/articles/c1dd9jzr02ko,Mali professor Étienne Fakaba Sissoko jailed for criticising the junta,Étienne Fakaba Sissoko's book accused the military of using propaganda to sway public opinion.,tienne fakaba sissokos book accused the military of using propaganda to sway public opinion
https://www.bbc.com/news/articles/cv22l7mlxdzo,Jacob Zuma barred from standing in South Africa's election by Constitutional Court,Ex-President Jacob Zuma's 15-month prison sentence disqualifies him from being a lawmaker.,expresident jacob zumas month prison sentence disqualifies him from being a lawmaker
https://www.bbc.com/news/articles/cxeeydypv32o,DR Congo attemped coup: Army says it thwarted attack in Kinshasa ,The Democratic Republic Congo army said they have stopped an attempted coup involving Congolese and foreign soldiers.,the democratic republic congo army said they have stopped an attempted coup involving congolese and foreign soldiers
https://www.bbc.com/sport/football/live/cx9957jplxyt?src_origin=BBCS_BBC,Reaction as Southgate leaves Rashford & Henderson out of initial England Euro 2024 squad - BBC Sport,"Latest news & reaction as Gareth Southgate announces his 33-man provisional England squad for Euro 2024 - Rashford, Henderson, James, White miss out, while Mainoo, Grealish, Toney, Quansah, Eze, Wharton, selected.",latest news  reaction as gareth southgate announces his man provisional england squad for euro   rashford henderson james white miss out while mainoo grealish toney quansah eze wharton selected
https://www.bbc.com/news/articles/cj5ll89dy2mo,Electricity grids creak as AI demands soar,"Data centre electricity demand is forecast to double in four years, putting energy grids under pressure.",data centre electricity demand is forecast to double in four years putting energy grids under pressure
https://www.bbc.com/news/articles/cldd6x6gglxo,"Rates should be cut to 3.5% by end of 2025, IMF says",The international body upgrades its UK growth forecast and says rates could fall to 4.5% by the end of 2024.,the international body upgrades its uk growth forecast and says rates could fall to  by the end of 
https://www.bbc.com/future/article/20240515-the-dumbphones-people-want-are-hard-to-find,People want 'dumbphones'. Will companies make them?,Self-labelled neo-Luddites and the tech-stressed are searching for phones with fewer features. Industry experts cite precarious profit margins and a wobbly market around this need.,selflabelled neoluddites and the techstressed are searching for phones with fewer features industry experts cite precarious profit margins and a wobbly market around this need
https://www.bbc.com/news/articles/cm559l5g529o,ChatGPT: Scarlett Johansson left 'angered' by chatbot imitation,"The star says she is ""shocked"" after OpenAI launched a chatbot with a voice ""eerily similar"" to hers.",the star says she is shocked after openai launched a chatbot with a voice eerily similar to hers
https://www.bbc.com/news/world-asia-india-68988189,Tamil Nadu: These elephants are dying on rail tracks - can AI save them?,Officials in the Indian state of Tamil Nadu are using AI to monitor elephant movement on rail tracks.,officials in the indian state of tamil nadu are using ai to monitor elephant movement on rail tracks
https://www.bbc.com/news/articles/cjmmj7r0v2go,Friendly Father: South Korea bans TikTok hit idolising Kim Jong Un,"The boppy propaganda tune extols Kim Jong Un as a ""friendly father"" and ""great leader"".",the boppy propaganda tune extols kim jong un as a friendly father and great leader
https://www.bbc.com/sport/football/articles/cd11e0v7rlgo,England manager Gareth Southgate right to axe Marcus Rashford - BBC Sport,England manager right to axe Marcus Rashford and the old guard but defensive woes exposed in Euro 2024 squad,england manager right to axe marcus rashford and the old guard but defensive woes exposed in euro  squad
https://www.bbc.com/sport/football/articles/crgg298849mo,Euro 2024 TV schedule for BBC and ITV - BBC Sport,Throughout Euro 2024 BBC Sport will update this page with your channel guide for each game.,throughout euro  bbc sport will update this page with your channel guide for each game
https://www.bbc.com/sport/cricket/videos/cg33grexevno,Jos Buttler: England return to action with 'pride dented' - BBC Sport,"England T20 captain Jos Buttler says England return to action against Pakistan with their ""pride dented"" by their disappointing defence of the 50-over World Cup.",england t captain jos buttler says england return to action against pakistan with their pride dented by their disappointing defence of the over world cup
https://www.bbc.com/sport/rugby-league/articles/cp00l4d3ev3o,Cain Robb: Castleford hooker agrees new two-year contract - BBC Sport,"Cain Robb agrees a new two-year deal, becoming the latest player to commit his future to Castleford Tigers.",cain robb agrees a new twoyear deal becoming the latest player to commit his future to castleford tigers
https://www.bbc.com/future/article/20240517-are-the-oceans-changing-colour-because-of-climate-change,Why the world's oceans are changing colour,More than half of the world's oceans surface waters have changed colour over the past two decades.,more than half of the worlds oceans surface waters have changed colour over the past two decades
https://www.bbc.com/news/articles/cv22de12wpxo,Carbon capture project to turn Cambridgeshire reserve into peatland,The Great Fen project will create wetlands to benefit wildlife and store CO2.,the great fen project will create wetlands to benefit wildlife and store co
https://www.bbc.com/news/uk-69041672,Infected blood scandal: Sunak promises 'comprehensive' blood compensation,Victims and others affected by the infected blood scandal are waiting to hear how much they will be paid.,victims and others affected by the infected blood scandal are waiting to hear how much they will be paid
https://www.bbc.com/news/articles/cv22dl509vjo,Top engineers urge action against faeces in rivers,A team of Royal Academy of Engineering scientists say the risk from human faeces is increasing.,a team of royal academy of engineering scientists say the risk from human faeces is increasing
https://www.bbc.com/news/health-69040592,"Long Covid course is ‘exploiting people’, says ex-GB rower","Ex-Team GB's Oonagh Cousins says a treatment she underwent ""blamed"" participants for being ill.",exteam gbs oonagh cousins says a treatment she underwent blamed participants for being ill
https://www.bbc.com/travel/article/20240519-portugals-take-on-beef-bourguignon,Portugal's take on beef bourguignon,"Akin to France's heartier, spicier, richer boeuf bourguignon, ""alcatra"" is synonymous with a single island in the remote Azores archipelago.",akin to frances heartier spicier richer boeuf bourguignon alcatra is synonymous with a single island in the remote azores archipelago
https://www.bbc.com/travel/article/20240514-a-korean-feast-that-honours-buddhas-birth,A Korean feast that honours Buddha's birth,"Every year, millions of people celebrate the founder of Buddhism's birth by enjoying free meals at temples.",every year millions of people celebrate the founder of buddhisms birth by enjoying free meals at temples
https://www.bbc.com/travel/article/20240504-guacachile-a-time-honoured-guacamole-lookalike,Guacachile: A time-honoured guacamole lookalike,"Known in Mexico as ""fake guacamole"", guacachile is a silky, delicious sauce made with just four ingredients – not including avocados. Can diners tell the difference?",known in mexico as fake guacamole guacachile is a silky delicious sauce made with just four ingredients  not including avocados can diners tell the difference
https://www.bbc.com/travel/article/20240426-from-ancient-egypt-to-roman-britain-brewers-are-reviving-beers-from-the-past,"From Ancient Egypt to Roman Britain, brewers are reviving beers from the past","Beer archaeologists are peering back millennia to recreate brews from ancient Egypt, Greece and Rome using ancient methods and ingredients.",beer archaeologists are peering back millennia to recreate brews from ancient egypt greece and rome using ancient methods and ingredients
https://www.bbc.com/travel/article/20240520-yamashiro-los-angeles-secret-mountain-palace,Yamashiro: Los Angeles' secret mountain palace,"Constructed more than 100 years ago, the Yamashiro Historic District is as fantastic as any story that Hollywood could put on the silver screen.",constructed more than  years ago the yamashiro historic district is as fantastic as any story that hollywood could put on the silver screen
https://www.bbc.com/travel/article/20240517-a-weekend-in-cannes-with-an-attach-to-the-stars,A weekend in Cannes with an attaché to the stars,Gilles Bastoni is Cannes' celebrity concierge. Here is his tailor-made list for a sublime Cannes getaway – from luxurious star-studded venues to escapes at sea.,gilles bastoni is cannes celebrity concierge here is his tailormade list for a sublime cannes getaway  from luxurious starstudded venues to escapes at sea
https://www.bbc.com/travel/article/20240517-seven-new-bridgerton-filming-locations-you-can-visit,Seven new Bridgerton filming locations you can visit,"Bridgerton is back, and from London palaces to Bath ballrooms, here are some of the best places to experience Regency-era England.",bridgerton is back and from london palaces to bath ballrooms here are some of the best places to experience regencyera england
https://www.bbc.com/travel/article/20240516-the-fight-to-rewild-the-worlds-largest-urban-forest-tijuca,Tijuca National Park: The fight to rewild the world's largest urban forest,"After the forest was decimated by colonial plantations, an ambitious rewilding programme is now aiming to ensure the survival of Rio de Janeiro's ancient rainforest.",after the forest was decimated by colonial plantations an ambitious rewilding programme is now aiming to ensure the survival of rio de janeiros ancient rainforest
https://www.bbc.co.uk/usingthebbc/terms,A few rules for us and you - Using the BBC,We want everyone to enjoy the BBC. But there are a few rules to stick to.,we want everyone to enjoy the bbc but there are a few rules to stick to
https://www.bbc.co.uk/aboutthebbc,Learn more about what we do,Everything you need to know about the workings of the BBC,everything you need to know about the workings of the bbc
https://www.bbc.com/usingthebbc/privacy/,Keeping your info safe and sound,We take your privacy very seriously. And so should you.,we take your privacy very seriously and so should you
https://www.bbc.com/usingthebbc/cookies/,Take control of your cookies,Cookies help us remember you and show you more things we think you’ll like. ,cookies help us remember you and show you more things we think youll like 
https://www.bbc.com/advertisingcontact,"BBC Advertising Sales Contact - Breaking News, World News, U.S. News, Sports, Business, Innovation, Climate, Culture, Travel, Video & Audio","Visit BBC for trusted reporting on the latest world and U.S. news, sports, business, climate, innovation, culture and much more.",visit bbc for trusted reporting on the latest world and us news sports business climate innovation culture and much more
